;;Cod.;Descrizione;Libero 4;Q.tà in giacenza;Fornitore;Ubicazione;Note
;No;260133;Aretha Slim Avio Grammi 150 gr;P.ta T1466301;60;Cofil S.R.L.;BK-11;Filato in rocca con pelo lungo effetto pelliccia supermorbido. Composizione 100% Poliammide. Peso Grammi 150 lunghezza Metri 495 ca. Consigliati: ferri 6-8-Uncinetto 3-5. Adatto per inserti e applicazioni.
;No;w7ddcsan;Aretha Slim Bianco Grammi 150 gr;P.ta T1454601;0;Cofil S.R.L.;;Filato in rocca con pelo lungo effetto pelliccia supermorbido. Composizione 100% Poliammide. Peso Grammi 150 lunghezza Metri 495 ca. Consigliati: ferri 6-8-Uncinetto 3-5. Adatto per inserti e applicazioni.
;No;wlmosyxs;Aretha Slim Cipria Grammi 150 gr;P.ta T1456501;150;Cofil S.R.L.;BK-10;Filato in rocca con pelo lungo effetto pelliccia supermorbido. Composizione 100% Poliammide. Peso Grammi 150 lunghezza Metri 495 ca. Consigliati: ferri 6-8-Uncinetto 3-5. Adatto per inserti e applicazioni.
;No;260134;Aretha Slim Militare Grammi 150 gr;P.ta T1464402;30;Cofil S.R.L.;BK-12;Filato in rocca con pelo lungo effetto pelliccia supermorbido. Composizione 100% Poliammide. Peso Grammi 150 lunghezza Metri 495 ca. Consigliati: ferri 6-8-Uncinetto 3-5. Adatto per inserti e applicazioni.
;No;260135;Aretha Slim Mogano Grammi 150 gr;P.ta T1464401;60;Cofil S.R.L.;BK-13;Filato in rocca con pelo lungo effetto pelliccia supermorbido. Composizione 100% Poliammide. Peso Grammi 150 lunghezza Metri 495 ca. Consigliati: ferri 6-8-Uncinetto 3-5. Adatto per inserti e applicazioni.
;No;um1fnlnc;Aretha Slim Nero Grammi 150 gr;P.ta T1504102;297;Cofil S.R.L.;;Filato in rocca con pelo lungo effetto pelliccia supermorbido. Composizione 100% Poliammide. Peso Grammi 150 lunghezza Metri 495 ca. Consigliati: ferri 6-8-Uncinetto 3-5. Adatto per inserti e applicazioni.
;No;onitrpsv;Cordino Lanato Freddy Beige Gr 200;P.ta 485378;150;Acrilico;BG-1;Cordino Lanato per la realizzazione di borse accessori e macramè Consegnato in rocca da gr 200 per una lunghezza di 110 metri ca. Aspetto lanato con struttura circolare di diametro di mm3 ca è consigliato utilizzo ferri 9-10 e uncinetto 7-8. Il cordino lanato Freddy è 100% Made in Italy ideato prodotto e distribuito in esclusiva da Tessiland.
;No;7828;Cordino Lanato Freddy Blu Gr 200;P.ta 8252;180;Acrilico;BG-2;Cordino Lanato per la realizzazione di borse accessori e macramè Consegnato in rocca da gr 200 per una lunghezza di 110 metri ca. Aspetto lanato con struttura circolare di diametro di mm3 ca è consigliato utilizzo ferri 9-10 e uncinetto 7-8. Il cordino lanato Freddy è 100% Made in Italy ideato prodotto e distribuito in esclusiva da Tessiland.
;No;8083;Cordino Lanato Freddy Bordeaux Gr 200;P.ta 490468;150;Acrilico;BG-3;Cordino Lanato per la realizzazione di borse accessori e macramè Consegnato in rocca da gr 200 per una lunghezza di 110 metri ca. Aspetto lanato con struttura circolare di diametro di mm3 ca è consigliato utilizzo ferri 9-10 e uncinetto 7-8. Il cordino lanato Freddy è 100% Made in Italy ideato prodotto e distribuito in esclusiva da Tessiland.
;No;7829;Cordino Lanato Freddy Cenere Gr 200;P.ta 2407;150;Acrilico;BG-4;Cordino Lanato per la realizzazione di borse accessori e macramè Consegnato in rocca da gr 200 per una lunghezza di 110 metri ca. Aspetto lanato con struttura circolare di diametro di mm3 ca è consigliato utilizzo ferri 9-10 e uncinetto 7-8. Il cordino lanato Freddy è 100% Made in Italy ideato prodotto e distribuito in esclusiva da Tessiland.
;No;8091;Cordino Lanato Freddy Cipria Gr 200;P.ta 477244;180;Acrilico;BG-5;Cordino Lanato per la realizzazione di borse accessori e macramè Consegnato in rocca da gr 200 per una lunghezza di 110 metri ca. Aspetto lanato con struttura circolare di diametro di mm3 ca è consigliato utilizzo ferri 9-10 e uncinetto 7-8. Il cordino lanato Freddy è 100% Made in Italy ideato prodotto e distribuito in esclusiva da Tessiland.
;No;9643;Cordino Lanato Freddy Fuxia Gr 200;P.ta 471999;150;Acrilico;BG-6;Cordino Lanato per la realizzazione di borse accessori e macramè Consegnato in rocca da gr 200 per una lunghezza di 110 metri ca. Aspetto lanato con struttura circolare di diametro di mm3 ca è consigliato utilizzo ferri 9-10 e uncinetto 7-8. Il cordino lanato Freddy è 100% Made in Italy ideato prodotto e distribuito in esclusiva da Tessiland.
;No;9644;Cordino Lanato Freddy Giada Gr 200;P.ta 480307;150;Acrilico;BG-7;Cordino Lanato per la realizzazione di borse accessori e macramè Consegnato in rocca da gr 200 per una lunghezza di 110 metri ca. Aspetto lanato con struttura circolare di diametro di mm3 ca è consigliato utilizzo ferri 9-10 e uncinetto 7-8. Il cordino lanato Freddy è 100% Made in Italy ideato prodotto e distribuito in esclusiva da Tessiland.
;No;4pe61r1z;Cordino Lanato Freddy Grigio Gr 200;P.ta 1793;180;Acrilico;BG-8;Cordino Lanato per la realizzazione di borse accessori e macramè Consegnato in rocca da gr 200 per una lunghezza di 110 metri ca. Aspetto lanato con struttura circolare di diametro di mm3 ca è consigliato utilizzo ferri 9-10 e uncinetto 7-8. Il cordino lanato Freddy è 100% Made in Italy ideato prodotto e distribuito in esclusiva da Tessiland.
;No;8086;Cordino Lanato Freddy Jeans Gr 200;P.ta 477255;180;Acrilico;BG-9;Cordino Lanato per la realizzazione di borse accessori e macramè Consegnato in rocca da gr 200 per una lunghezza di 110 metri ca. Aspetto lanato con struttura circolare di diametro di mm3 ca è consigliato utilizzo ferri 9-10 e uncinetto 7-8. Il cordino lanato Freddy è 100% Made in Italy ideato prodotto e distribuito in esclusiva da Tessiland.
;No;vrfyzhh3;Cordino Lanato Freddy Nero Gr 200;P.ta 487099;227;Acrilico;BG-10;Cordino Lanato per la realizzazione di borse accessori e macramè Consegnato in rocca da gr 200 per una lunghezza di 110 metri ca. Aspetto lanato con struttura circolare di diametro di mm3 ca è consigliato utilizzo ferri 9-10 e uncinetto 7-8. Il cordino lanato Freddy è 100% Made in Italy ideato prodotto e distribuito in esclusiva da Tessiland.
;No;7832;Cordino Lanato Freddy Nero Petrolio Gr 200;P.ta 8942;120;Acrilico;BG-12;Cordino Lanato per la realizzazione di borse accessori e macramè Consegnato in rocca da gr 200 per una lunghezza di 110 metri ca. Aspetto lanato con struttura circolare di diametro di mm3 ca è consigliato utilizzo ferri 9-10 e uncinetto 7-8. Il cordino lanato Freddy è 100% Made in Italy ideato prodotto e distribuito in esclusiva da Tessiland.
;No;kq3wxwx0;Cordino Lanato Freddy Panna Gr 200;P.ta 74732;30;Acrilico;BG-13;Cordino Lanato per la realizzazione di borse accessori e macramè Consegnato in rocca da gr 200 per una lunghezza di 110 metri ca. Aspetto lanato con struttura circolare di diametro di mm3 ca è consigliato utilizzo ferri 9-10 e uncinetto 7-8. Il cordino lanato Freddy è 100% Made in Italy ideato prodotto e distribuito in esclusiva da Tessiland.
;No;7901;Cordino Lanato Freddy Perla Gr 200;P.ta 66683;0;Acrilico;;Cordino Lanato per la realizzazione di borse accessori e macramè Consegnato in rocca da gr 200 per una lunghezza di 110 metri ca. Aspetto lanato con struttura circolare di diametro di mm3 ca è consigliato utilizzo ferri 9-10 e uncinetto 7-8. Il cordino lanato Freddy è 100% Made in Italy ideato prodotto e distribuito in esclusiva da Tessiland.
;No;49134;Cordino Lanato Freddy Perla Melange Gr 200;P.ta 2025;30;Acrilico;BG-14;Cordino Lanato per la realizzazione di borse accessori e macramè Consegnato in rocca da gr 200 per una lunghezza di 110 metri ca. Aspetto lanato con struttura circolare di diametro di mm3 ca è consigliato utilizzo ferri 9-10 e uncinetto 7-8. Il cordino lanato Freddy è 100% Made in Italy ideato prodotto e distribuito in esclusiva da Tessiland.
;No;7833;Cordino Lanato Freddy Petrolio Gr 200;P.ta 9312;176;Acrilico;BG-15;Cordino Lanato per la realizzazione di borse accessori e macramè Consegnato in rocca da gr 200 per una lunghezza di 110 metri ca. Aspetto lanato con struttura circolare di diametro di mm3 ca è consigliato utilizzo ferri 9-10 e uncinetto 7-8. Il cordino lanato Freddy è 100% Made in Italy ideato prodotto e distribuito in esclusiva da Tessiland.
;No;7834;Cordino Lanato Freddy Petrolio Melange Gr 200;P.ta 2510;90;Acrilico;BG-16;Cordino Lanato per la realizzazione di borse accessori e macramè Consegnato in rocca da gr 200 per una lunghezza di 110 metri ca. Aspetto lanato con struttura circolare di diametro di mm3 ca è consigliato utilizzo ferri 9-10 e uncinetto 7-8. Il cordino lanato Freddy è 100% Made in Italy ideato prodotto e distribuito in esclusiva da Tessiland.
;No;8081;Cordino Lanato Freddy Prato Gr 200;P.ta 29742;180;Acrilico;BH-14;Cordino Lanato per la realizzazione di borse accessori e macramè Consegnato in rocca da gr 200 per una lunghezza di 110 metri ca. Aspetto lanato con struttura circolare di diametro di mm3 ca è consigliato utilizzo ferri 9-10 e uncinetto 7-8. Il cordino lanato Freddy è 100% Made in Italy ideato prodotto e distribuito in esclusiva da Tessiland.
;No;40908;Cordino Lanato Freddy Prugna Gr 200;P.ta 7070;150;Acrilico;BH-13;Cordino Lanato per la realizzazione di borse accessori e macramè Consegnato in rocca da gr 200 per una lunghezza di 110 metri ca. Aspetto lanato con struttura circolare di diametro di mm3 ca è consigliato utilizzo ferri 9-10 e uncinetto 7-8. Il cordino lanato Freddy è 100% Made in Italy ideato prodotto e distribuito in esclusiva da Tessiland.
;No;zftelh38;Cordino Lanato Freddy Rosso Gr 200;P.ta 74821;149;Acrilico;BH-12;Cordino Lanato per la realizzazione di borse accessori e macramè Consegnato in rocca da gr 200 per una lunghezza di 110 metri ca. Aspetto lanato con struttura circolare di diametro di mm3 ca è consigliato utilizzo ferri 9-10 e uncinetto 7-8. Il cordino lanato Freddy è 100% Made in Italy ideato prodotto e distribuito in esclusiva da Tessiland.
;No;9645;Cordino Lanato Freddy Senape Gr 200;P.ta 481581;120;Acrilico;BH-11;Cordino Lanato per la realizzazione di borse accessori e macramè Consegnato in rocca da gr 200 per una lunghezza di 110 metri ca. Aspetto lanato con struttura circolare di diametro di mm3 ca è consigliato utilizzo ferri 9-10 e uncinetto 7-8. Il cordino lanato Freddy è 100% Made in Italy ideato prodotto e distribuito in esclusiva da Tessiland.
;No;7835;Cordino Lanato Freddy Stracciatella Gr 200;P.ta 2509;120;Acrilico;BH-10;Cordino Lanato per la realizzazione di borse accessori e macramè Consegnato in rocca da gr 200 per una lunghezza di 110 metri ca. Aspetto lanato con struttura circolare di diametro di mm3 ca è consigliato utilizzo ferri 9-10 e uncinetto 7-8. Il cordino lanato Freddy è 100% Made in Italy ideato prodotto e distribuito in esclusiva da Tessiland.
;No;8090;Cordino Lanato Freddy Tiffany Gr 200;P.ta 477236;150;Acrilico;BH-9;Cordino Lanato per la realizzazione di borse accessori e macramè Consegnato in rocca da gr 200 per una lunghezza di 110 metri ca. Aspetto lanato con struttura circolare di diametro di mm3 ca è consigliato utilizzo ferri 9-10 e uncinetto 7-8. Il cordino lanato Freddy è 100% Made in Italy ideato prodotto e distribuito in esclusiva da Tessiland.
;No;7008;Cordino Ternes Azzurro Gr 200;P.ta 3084;150;Giletti S.P.A.;AD-1;Cordino in misto Cotone con aspetto circolare ad effetto opaco e consegnato in rocca da gr 200 lunghezza mt 120 ca e un diametro di mm 3 Consigliati ferri 8-9 uncinetto 7-8  Adatto per la realizzazione di borse ed affini e per il macramè.  Il cordino Ternes è 100% Made in Italy ideato prodotto e distribuito in esclusiva da Tessiland.
;No;yhp0b7cx;Cordino Ternes Bianco Gr 200;P.ta 4081;150;Giletti S.P.A.;AD-2;Cordino in misto Cotone con aspetto circolare ad effetto opaco e consegnato in rocca da gr 200 lunghezza mt 120 ca e un diametro di mm 3 Consigliati ferri 8-9 uncinetto 7-8  Adatto per la realizzazione di borse ed affini e per il macramè.  Il cordino Ternes è 100% Made in Italy ideato prodotto e distribuito in esclusiva da Tessiland.
;No;4jtnnkz1;Cordino Ternes Blu Gr 200;P.ta 4063;120;Giletti S.P.A.;AD-3;Cordino in misto Cotone con aspetto circolare ad effetto opaco e consegnato in rocca da gr 200 lunghezza mt 120 ca e un diametro di mm 3 Consigliati ferri 8-9 uncinetto 7-8  Adatto per la realizzazione di borse ed affini e per il macramè.  Il cordino Ternes è 100% Made in Italy ideato prodotto e distribuito in esclusiva da Tessiland.
;No;mkq4114k;Cordino Ternes Bordeaux Gr 200;P.ta 1303;150;Giletti S.P.A.;AD-4;Cordino in misto Cotone con aspetto circolare ad effetto opaco e consegnato in rocca da gr 200 lunghezza mt 120 ca e un diametro di mm 3 Consigliati ferri 8-9 uncinetto 7-8  Adatto per la realizzazione di borse ed affini e per il macramè.  Il cordino Ternes è 100% Made in Italy ideato prodotto e distribuito in esclusiva da Tessiland.
;No;7258;Cordino Ternes Corallo Gr 200;P.ta 3116;150;Giletti S.P.A.;AD-5;Cordino in misto Cotone con aspetto circolare ad effetto opaco e consegnato in rocca da gr 200 lunghezza mt 120 ca e un diametro di mm 3 Consigliati ferri 8-9 uncinetto 7-8  Adatto per la realizzazione di borse ed affini e per il macramè.  Il cordino Ternes è 100% Made in Italy ideato prodotto e distribuito in esclusiva da Tessiland.
;No;12923;Cordino Ternes Deserto Gr 200;P.ta 3240;120;Giletti S.P.A.;AD-6;Cordino in misto Cotone con aspetto circolare ad effetto opaco e consegnato in rocca da gr 200 lunghezza mt 120 ca e un diametro di mm 3 Consigliati ferri 8-9 uncinetto 7-8  Adatto per la realizzazione di borse ed affini e per il macramè.  Il cordino Ternes è 100% Made in Italy ideato prodotto e distribuito in esclusiva da Tessiland.
;No;s1mk3iie;Cordino Ternes Fuxia Gr 200;P.ta 9043/1;150;Giletti S.P.A.;AD-7;Cordino in misto Cotone con aspetto circolare ad effetto opaco e consegnato in rocca da gr 200 lunghezza mt 120 ca e un diametro di mm 3 Consigliati ferri 8-9 uncinetto 7-8  Adatto per la realizzazione di borse ed affini e per il macramè.  Il cordino Ternes è 100% Made in Italy ideato prodotto e distribuito in esclusiva da Tessiland.
;No;6tw9xqj7;Cordino Ternes Jeans Gr 200;P.ta 3308;120;Giletti S.P.A.;AD-8;Cordino in misto Cotone con aspetto circolare ad effetto opaco e consegnato in rocca da gr 200 lunghezza mt 120 ca e un diametro di mm 3 Consigliati ferri 8-9 uncinetto 7-8  Adatto per la realizzazione di borse ed affini e per il macramè.  Il cordino Ternes è 100% Made in Italy ideato prodotto e distribuito in esclusiva da Tessiland.
;No;le2pkzmx;Cordino Ternes Lilla Gr 200;P.ta 2352;150;Giletti S.P.A.;AD-9;Cordino in misto Cotone con aspetto circolare ad effetto opaco e consegnato in rocca da gr 200 lunghezza mt 120 ca e un diametro di mm 3 Consigliati ferri 8-9 uncinetto 7-8  Adatto per la realizzazione di borse ed affini e per il macramè.  Il cordino Ternes è 100% Made in Italy ideato prodotto e distribuito in esclusiva da Tessiland.
;No;9050;Cordino Ternes Limone Gr 200;P.ta 1062;150;Giletti S.P.A.;AD-10;Cordino in misto Cotone con aspetto circolare ad effetto opaco e consegnato in rocca da gr 200 lunghezza mt 120 ca e un diametro di mm 3 Consigliati ferri 8-9 uncinetto 7-8  Adatto per la realizzazione di borse ed affini e per il macramè.  Il cordino Ternes è 100% Made in Italy ideato prodotto e distribuito in esclusiva da Tessiland.
;No;12924;Cordino Ternes Magenta Gr 200;P.ta 8316;150;Giletti S.P.A.;AD-11;Cordino in misto Cotone con aspetto circolare ad effetto opaco e consegnato in rocca da gr 200 lunghezza mt 120 ca e un diametro di mm 3 Consigliati ferri 8-9 uncinetto 7-8  Adatto per la realizzazione di borse ed affini e per il macramè.  Il cordino Ternes è 100% Made in Italy ideato prodotto e distribuito in esclusiva da Tessiland.
;No;9051;Cordino Ternes Mandarino Gr 200;P.ta 9115;150;Giletti S.P.A.;AD-12;Cordino in misto Cotone con aspetto circolare ad effetto opaco e consegnato in rocca da gr 200 lunghezza mt 120 ca e un diametro di mm 3 Consigliati ferri 8-9 uncinetto 7-8  Adatto per la realizzazione di borse ed affini e per il macramè.  Il cordino Ternes è 100% Made in Italy ideato prodotto e distribuito in esclusiva da Tessiland.
;No;12925;Cordino Ternes Marrone Gr 200;P.ta 9031;150;Giletti S.P.A.;AD-13;Cordino in misto Cotone con aspetto circolare ad effetto opaco e consegnato in rocca da gr 200 lunghezza mt 120 ca e un diametro di mm 3 Consigliati ferri 8-9 uncinetto 7-8  Adatto per la realizzazione di borse ed affini e per il macramè.  Il cordino Ternes è 100% Made in Italy ideato prodotto e distribuito in esclusiva da Tessiland.
;No;7259;Cordino Ternes Militare Gr 200;P.ta 3145;150;Giletti S.P.A.;AD-14;Cordino in misto Cotone con aspetto circolare ad effetto opaco e consegnato in rocca da gr 200 lunghezza mt 120 ca e un diametro di mm 3 Consigliati ferri 8-9 uncinetto 7-8  Adatto per la realizzazione di borse ed affini e per il macramè.  Il cordino Ternes è 100% Made in Italy ideato prodotto e distribuito in esclusiva da Tessiland.
;No;0skor5iy;Cordino Ternes Nero Gr 200;P.ta 4030;150;Giletti S.P.A.;AD-15;Cordino in misto Cotone con aspetto circolare ad effetto opaco e consegnato in rocca da gr 200 lunghezza mt 120 ca e un diametro di mm 3 Consigliati ferri 8-9 uncinetto 7-8  Adatto per la realizzazione di borse ed affini e per il macramè.  Il cordino Ternes è 100% Made in Italy ideato prodotto e distribuito in esclusiva da Tessiland.
;No;h6p8832o;Cordino Ternes Panna Gr 200;P.ta 4083;90;Giletti S.P.A.;AD-16;Cordino in misto Cotone con aspetto circolare ad effetto opaco e consegnato in rocca da gr 200 lunghezza mt 120 ca e un diametro di mm 3 Consigliati ferri 8-9 uncinetto 7-8  Adatto per la realizzazione di borse ed affini e per il macramè.  Il cordino Ternes è 100% Made in Italy ideato prodotto e distribuito in esclusiva da Tessiland.
;No;jh3578xp;Cordino Ternes Perla Gr 200;P.ta 3316;150;Giletti S.P.A.;AD-17;Cordino in misto Cotone con aspetto circolare ad effetto opaco e consegnato in rocca da gr 200 lunghezza mt 120 ca e un diametro di mm 3 Consigliati ferri 8-9 uncinetto 7-8  Adatto per la realizzazione di borse ed affini e per il macramè.  Il cordino Ternes è 100% Made in Italy ideato prodotto e distribuito in esclusiva da Tessiland.
;No;7216;Cordino Ternes Petrolio Gr 200;P.ta 2040;150;Giletti S.P.A.;AD-18;Cordino in misto Cotone con aspetto circolare ad effetto opaco e consegnato in rocca da gr 200 lunghezza mt 120 ca e un diametro di mm 3 Consigliati ferri 8-9 uncinetto 7-8  Adatto per la realizzazione di borse ed affini e per il macramè.  Il cordino Ternes è 100% Made in Italy ideato prodotto e distribuito in esclusiva da Tessiland.
;No;5we2ieim;Cordino Ternes Rosa Baby Gr 200;P.ta 2338;150;Giletti S.P.A.;AD-19;Cordino in misto Cotone con aspetto circolare ad effetto opaco e consegnato in rocca da gr 200 lunghezza mt 120 ca e un diametro di mm 3 Consigliati ferri 8-9 uncinetto 7-8  Adatto per la realizzazione di borse ed affini e per il macramè.  Il cordino Ternes è 100% Made in Italy ideato prodotto e distribuito in esclusiva da Tessiland.
;No;d24okutc;Cordino Ternes Rosso Gr 200;P.ta 3115;120;Giletti S.P.A.;AD-20;Cordino in misto Cotone con aspetto circolare ad effetto opaco e consegnato in rocca da gr 200 lunghezza mt 120 ca e un diametro di mm 3 Consigliati ferri 8-9 uncinetto 7-8  Adatto per la realizzazione di borse ed affini e per il macramè.  Il cordino Ternes è 100% Made in Italy ideato prodotto e distribuito in esclusiva da Tessiland.
;No;12926;Cordino Ternes Ruggine Gr 200;P.ta 2293;150;Giletti S.P.A.;AD-21;Cordino in misto Cotone con aspetto circolare ad effetto opaco e consegnato in rocca da gr 200 lunghezza mt 120 ca e un diametro di mm 3 Consigliati ferri 8-9 uncinetto 7-8  Adatto per la realizzazione di borse ed affini e per il macramè.  Il cordino Ternes è 100% Made in Italy ideato prodotto e distribuito in esclusiva da Tessiland.
;No;bys4i1d6;Cordino Ternes Sabbia Gr 200;P.ta 3130;60;Giletti S.P.A.;AD-22;Cordino in misto Cotone con aspetto circolare ad effetto opaco e consegnato in rocca da gr 200 lunghezza mt 120 ca e un diametro di mm 3 Consigliati ferri 8-9 uncinetto 7-8  Adatto per la realizzazione di borse ed affini e per il macramè.  Il cordino Ternes è 100% Made in Italy ideato prodotto e distribuito in esclusiva da Tessiland.
;No;9062;Cordino Ternes Salvia Gr 200;P.ta 1015;150;Giletti S.P.A.;AD-23;Cordino in misto Cotone con aspetto circolare ad effetto opaco e consegnato in rocca da gr 200 lunghezza mt 120 ca e un diametro di mm 3 Consigliati ferri 8-9 uncinetto 7-8  Adatto per la realizzazione di borse ed affini e per il macramè.  Il cordino Ternes è 100% Made in Italy ideato prodotto e distribuito in esclusiva da Tessiland.
;No;7217;Cordino Ternes Smog Gr 200;P.ta 8240-01;150;Giletti S.P.A.;AD-24;Cordino in misto Cotone con aspetto circolare ad effetto opaco e consegnato in rocca da gr 200 lunghezza mt 120 ca e un diametro di mm 3 Consigliati ferri 8-9 uncinetto 7-8  Adatto per la realizzazione di borse ed affini e per il macramè.  Il cordino Ternes è 100% Made in Italy ideato prodotto e distribuito in esclusiva da Tessiland.
;No;wf34pd85;Cordino Ternes Turchese Gr 200;P.ta 2283;150;Giletti S.P.A.;AD-25;Cordino in misto Cotone con aspetto circolare ad effetto opaco e consegnato in rocca da gr 200 lunghezza mt 120 ca e un diametro di mm 3 Consigliati ferri 8-9 uncinetto 7-8  Adatto per la realizzazione di borse ed affini e per il macramè.  Il cordino Ternes è 100% Made in Italy ideato prodotto e distribuito in esclusiva da Tessiland.
;No;qm2w4o2j;Cordino Ternes Verde Acqua Gr 200;P.ta 009;150;Giletti S.P.A.;AC-26;Cordino in misto Cotone con aspetto circolare ad effetto opaco e consegnato in rocca da gr 200 lunghezza mt 120 ca e un diametro di mm 3 Consigliati ferri 8-9 uncinetto 7-8  Adatto per la realizzazione di borse ed affini e per il macramè.  Il cordino Ternes è 100% Made in Italy ideato prodotto e distribuito in esclusiva da Tessiland.
;No;12927;Cordino Ternes Verde Gr 200;P.ta 6307;150;Giletti S.P.A.;AC-25;Cordino in misto Cotone con aspetto circolare ad effetto opaco e consegnato in rocca da gr 200 lunghezza mt 120 ca e un diametro di mm 3 Consigliati ferri 8-9 uncinetto 7-8  Adatto per la realizzazione di borse ed affini e per il macramè.  Il cordino Ternes è 100% Made in Italy ideato prodotto e distribuito in esclusiva da Tessiland.
;No;12928;Cordino Ternes Viola Gr 200;P.ta 3105;150;Giletti S.P.A.;AC-24;Cordino in misto Cotone con aspetto circolare ad effetto opaco e consegnato in rocca da gr 200 lunghezza mt 120 ca e un diametro di mm 3 Consigliati ferri 8-9 uncinetto 7-8  Adatto per la realizzazione di borse ed affini e per il macramè.  Il cordino Ternes è 100% Made in Italy ideato prodotto e distribuito in esclusiva da Tessiland.
;No;vbadrug3;Cordino Tornado Azzurro Grammi 200;P.ta 9064;120;Giletti S.P.A.;BA-1;Tricottino in rocca realizzato in Misto Cotone aspetto circolare ed effetto opaco. Rocca gr 200 metri 180 ca e un diametro di mm 2,3. Adatto per la realizzazione di borse ed affini, complementi d'arredo  tappeti e per il macramè. Consigliati uncinetto 5-7. Il cordino Tornado è 100% Made in Italy ideato prodotto e distribuito in esclusiva da Tessiland.
;No;31aslz3f;Cordino Tornado Bianco Grammi 200;P.ta 19423;150;Giletti S.P.A.;BA-2;Tricottino in rocca realizzato in Misto Cotone aspetto circolare ed effetto opaco. Rocca gr 200 metri 180 ca e un diametro di mm 2,3. Adatto per la realizzazione di borse ed affini, complementi d'arredo  tappeti e per il macramè. Consigliati uncinetto 5-7. Il cordino Tornado è 100% Made in Italy ideato prodotto e distribuito in esclusiva da Tessiland.
;No;ft4van2o;Cordino Tornado Blu Grammi 200;P.ta 8141;150;Giletti S.P.A.;BA-3;Tricottino in rocca realizzato in Misto Cotone aspetto circolare ed effetto opaco. Rocca gr 200 metri 180 ca e un diametro di mm 2,3. Adatto per la realizzazione di borse ed affini, complementi d'arredo  tappeti e per il macramè. Consigliati uncinetto 5-7. Il cordino Tornado è 100% Made in Italy ideato prodotto e distribuito in esclusiva da Tessiland.
;No;g1pvj715;Cordino Tornado Bordeaux Grammi 200;P.ta 8056;150;Giletti S.P.A.;BA-4;Tricottino in rocca realizzato in Misto Cotone aspetto circolare ed effetto opaco. Rocca gr 200 metri 180 ca e un diametro di mm 2,3. Adatto per la realizzazione di borse ed affini, complementi d'arredo  tappeti e per il macramè. Consigliati uncinetto 5-7. Il cordino Tornado è 100% Made in Italy ideato prodotto e distribuito in esclusiva da Tessiland.
;No;7215;Cordino Tornado Corallo Grammi 200;p.ta 9095;150;Giletti S.P.A.;BA-5;Tricottino in rocca realizzato in Misto Cotone aspetto circolare ed effetto opaco. Rocca gr 200 metri 180 ca e un diametro di mm 2,3. Adatto per la realizzazione di borse ed affini, complementi d'arredo  tappeti e per il macramè. Consigliati uncinetto 5-7. Il cordino Tornado è 100% Made in Italy ideato prodotto e distribuito in esclusiva da Tessiland.
;No;12917;Cordino Tornado Deserto Grammi 200;P.ta 3240;150;Giletti S.P.A.;BA-6;Tricottino in rocca realizzato in Misto Cotone aspetto circolare ed effetto opaco. Rocca gr 200 metri 180 ca e un diametro di mm 2,3. Adatto per la realizzazione di borse ed affini, complementi d'arredo  tappeti e per il macramè. Consigliati uncinetto 5-7. Il cordino Tornado è 100% Made in Italy ideato prodotto e distribuito in esclusiva da Tessiland.
;No;xt7el78v;Cordino Tornado Fuxia Grammi 200;P.ta 8083;150;Giletti S.P.A.;BA-7;Tricottino in rocca realizzato in Misto Cotone aspetto circolare ed effetto opaco. Rocca gr 200 metri 180 ca e un diametro di mm 2,3. Adatto per la realizzazione di borse ed affini, complementi d'arredo  tappeti e per il macramè. Consigliati uncinetto 5-7. Il cordino Tornado è 100% Made in Italy ideato prodotto e distribuito in esclusiva da Tessiland.
;No;620sfnbf;Cordino Tornado Jeans Grammi 200;P.ta 8114;150;Giletti S.P.A.;BA-8;Tricottino in rocca realizzato in Misto Cotone aspetto circolare ed effetto opaco. Rocca gr 200 metri 180 ca e un diametro di mm 2,3. Adatto per la realizzazione di borse ed affini, complementi d'arredo  tappeti e per il macramè. Consigliati uncinetto 5-7. Il cordino Tornado è 100% Made in Italy ideato prodotto e distribuito in esclusiva da Tessiland.
;No;067fp08s;Cordino Tornado Lilla Grammi 200;P.ta 2352;150;Giletti S.P.A.;BA-9;Tricottino in rocca realizzato in Misto Cotone aspetto circolare ed effetto opaco. Rocca gr 200 metri 180 ca e un diametro di mm 2,3. Adatto per la realizzazione di borse ed affini, complementi d'arredo  tappeti e per il macramè. Consigliati uncinetto 5-7. Il cordino Tornado è 100% Made in Italy ideato prodotto e distribuito in esclusiva da Tessiland.
;No;9047;Cordino Tornado Limone Grammi 200;P.ta 5508;150;Giletti S.P.A.;BA-10;Tricottino in rocca realizzato in Misto Cotone aspetto circolare ed effetto opaco. Rocca gr 200 metri 180 ca e un diametro di mm 2,3. Adatto per la realizzazione di borse ed affini, complementi d'arredo  tappeti e per il macramè. Consigliati uncinetto 5-7. Il cordino Tornado è 100% Made in Italy ideato prodotto e distribuito in esclusiva da Tessiland.
;No;12918;Cordino Tornado Magenta Grammi 200;P.ta 8316;150;Giletti S.P.A.;BA-11;Tricottino in rocca realizzato in Misto Cotone aspetto circolare ed effetto opaco. Rocca gr 200 metri 180 ca e un diametro di mm 2,3. Adatto per la realizzazione di borse ed affini, complementi d'arredo  tappeti e per il macramè. Consigliati uncinetto 5-7. Il cordino Tornado è 100% Made in Italy ideato prodotto e distribuito in esclusiva da Tessiland.
;No;9048;Cordino Tornado Mandarino Grammi 200;P.ta 301;150;Giletti S.P.A.;BA-12;Tricottino in rocca realizzato in Misto Cotone aspetto circolare ed effetto opaco. Rocca gr 200 metri 180 ca e un diametro di mm 2,3. Adatto per la realizzazione di borse ed affini, complementi d'arredo  tappeti e per il macramè. Consigliati uncinetto 5-7. Il cordino Tornado è 100% Made in Italy ideato prodotto e distribuito in esclusiva da Tessiland.
;No;12920;Cordino Tornado Marrone Grammi 200;P.ta 9031;150;Giletti S.P.A.;BA-13;Tricottino in rocca realizzato in Misto Cotone aspetto circolare ed effetto opaco. Rocca gr 200 metri 180 ca e un diametro di mm 2,3. Adatto per la realizzazione di borse ed affini, complementi d'arredo  tappeti e per il macramè. Consigliati uncinetto 5-7. Il cordino Tornado è 100% Made in Italy ideato prodotto e distribuito in esclusiva da Tessiland.
;No;n9eslk0r;Cordino Tornado Militare Grammi 200;p.ta 3192;150;Giletti S.P.A.;BA-14;Tricottino in rocca realizzato in Misto Cotone aspetto circolare ed effetto opaco. Rocca gr 200 metri 180 ca e un diametro di mm 2,3. Adatto per la realizzazione di borse ed affini, complementi d'arredo  tappeti e per il macramè. Consigliati uncinetto 5-7. Il cordino Tornado è 100% Made in Italy ideato prodotto e distribuito in esclusiva da Tessiland.
;No;60hx3dts;Cordino Tornado Nero Grammi 200;P.ta 3149;150;Giletti S.P.A.;BA-15;Tricottino in rocca realizzato in Misto Cotone aspetto circolare ed effetto opaco. Rocca gr 200 metri 180 ca e un diametro di mm 2,3. Adatto per la realizzazione di borse ed affini, complementi d'arredo  tappeti e per il macramè. Consigliati uncinetto 5-7. Il cordino Tornado è 100% Made in Italy ideato prodotto e distribuito in esclusiva da Tessiland.
;No;5218;Cordino Tornado Panna Grammi 200;P.ta 3312;150;Giletti S.P.A.;BA-17;Tricottino in rocca realizzato in Misto Cotone aspetto circolare ed effetto opaco. Rocca gr 200 metri 180 ca e un diametro di mm 2,3. Adatto per la realizzazione di borse ed affini, complementi d'arredo  tappeti e per il macramè. Consigliati uncinetto 5-7. Il cordino Tornado è 100% Made in Italy ideato prodotto e distribuito in esclusiva da Tessiland.
;No;8f8yyrlv;Cordino Tornado Perla Grammi 200;P.ta F5803;150;Giletti S.P.A.;BA-18;Tricottino in rocca realizzato in Misto Cotone aspetto circolare ed effetto opaco. Rocca gr 200 metri 180 ca e un diametro di mm 2,3. Adatto per la realizzazione di borse ed affini, complementi d'arredo  tappeti e per il macramè. Consigliati uncinetto 5-7. Il cordino Tornado è 100% Made in Italy ideato prodotto e distribuito in esclusiva da Tessiland.
;No;2yxayrjh;Cordino Tornado Petrolio Grammi 200;P.ta 9171;150;Giletti S.P.A.;BB-19;Tricottino in rocca realizzato in Misto Cotone aspetto circolare ed effetto opaco. Rocca gr 200 metri 180 ca e un diametro di mm 2,3. Adatto per la realizzazione di borse ed affini, complementi d'arredo  tappeti e per il macramè. Consigliati uncinetto 5-7. Il cordino Tornado è 100% Made in Italy ideato prodotto e distribuito in esclusiva da Tessiland.
;No;saa1rdjh;Cordino Tornado Rosa Grammi 200;p.ta 2338;120;Giletti S.P.A.;BA-20;Tricottino in rocca realizzato in Misto Cotone aspetto circolare ed effetto opaco. Rocca gr 200 metri 180 ca e un diametro di mm 2,3. Adatto per la realizzazione di borse ed affini, complementi d'arredo  tappeti e per il macramè. Consigliati uncinetto 5-7. Il cordino Tornado è 100% Made in Italy ideato prodotto e distribuito in esclusiva da Tessiland.
;No;qg1y5viw;Cordino Tornado Rosso Grammi 200;P.ta 9160;150;Giletti S.P.A.;BA-21;Tricottino in rocca realizzato in Misto Cotone aspetto circolare ed effetto opaco. Rocca gr 200 metri 180 ca e un diametro di mm 2,3. Adatto per la realizzazione di borse ed affini, complementi d'arredo  tappeti e per il macramè. Consigliati uncinetto 5-7. Il cordino Tornado è 100% Made in Italy ideato prodotto e distribuito in esclusiva da Tessiland.
;No;12921;Cordino Tornado Ruggine Grammi 200;P.ta 2293;150;Giletti S.P.A.;BA-22;Tricottino in rocca realizzato in Misto Cotone aspetto circolare ed effetto opaco. Rocca gr 200 metri 180 ca e un diametro di mm 2,3. Adatto per la realizzazione di borse ed affini, complementi d'arredo  tappeti e per il macramè. Consigliati uncinetto 5-7. Il cordino Tornado è 100% Made in Italy ideato prodotto e distribuito in esclusiva da Tessiland.
;No;gopf8lqj;Cordino Tornado Sabbia Grammi 200;P.ta 3130;120;Giletti S.P.A.;BA-23;Tricottino in rocca realizzato in Misto Cotone aspetto circolare ed effetto opaco. Rocca gr 200 metri 180 ca e un diametro di mm 2,3. Adatto per la realizzazione di borse ed affini, complementi d'arredo  tappeti e per il macramè. Consigliati uncinetto 5-7. Il cordino Tornado è 100% Made in Italy ideato prodotto e distribuito in esclusiva da Tessiland.
;No;9063;Cordino Tornado Salvia Grammi 200;Pta 1015;150;Giletti S.P.A.;BA-24;Tricottino in rocca realizzato in Misto Cotone aspetto circolare ed effetto opaco. Rocca gr 200 metri 180 ca e un diametro di mm 2,3. Adatto per la realizzazione di borse ed affini, complementi d'arredo  tappeti e per il macramè. Consigliati uncinetto 5-7. Il cordino Tornado è 100% Made in Italy ideato prodotto e distribuito in esclusiva da Tessiland.
;No;k5tetidv;Cordino Tornado Smog Grammi 200;P.ta 5263;150;Giletti S.P.A.;BA-25;Tricottino in rocca realizzato in Misto Cotone aspetto circolare ed effetto opaco. Rocca gr 200 metri 180 ca e un diametro di mm 2,3. Adatto per la realizzazione di borse ed affini, complementi d'arredo  tappeti e per il macramè. Consigliati uncinetto 5-7. Il cordino Tornado è 100% Made in Italy ideato prodotto e distribuito in esclusiva da Tessiland.
;No;3u7cmznr;Cordino Tornado Turchese Grammi 200;P.ta 75704;150;Giletti S.P.A.;BA-26;Tricottino in rocca realizzato in Misto Cotone aspetto circolare ed effetto opaco. Rocca gr 200 metri 180 ca e un diametro di mm 2,3. Adatto per la realizzazione di borse ed affini, complementi d'arredo  tappeti e per il macramè. Consigliati uncinetto 5-7. Il cordino Tornado è 100% Made in Italy ideato prodotto e distribuito in esclusiva da Tessiland.
;No;qb0jl96h;Cordino Tornado Verde Acqua Grammi 200;P.ta 9056;180;Giletti S.P.A.;BA-27;Tricottino in rocca realizzato in Misto Cotone aspetto circolare ed effetto opaco. Rocca gr 200 metri 180 ca e un diametro di mm 2,3. Adatto per la realizzazione di borse ed affini, complementi d'arredo  tappeti e per il macramè. Consigliati uncinetto 5-7. Il cordino Tornado è 100% Made in Italy ideato prodotto e distribuito in esclusiva da Tessiland.
;No;12922;Cordino Tornado Verde Grammi 200;P.ta 6307;150;Giletti S.P.A.;BA-28;Tricottino in rocca realizzato in Misto Cotone aspetto circolare ed effetto opaco. Rocca gr 200 metri 180 ca e un diametro di mm 2,3. Adatto per la realizzazione di borse ed affini, complementi d'arredo  tappeti e per il macramè. Consigliati uncinetto 5-7. Il cordino Tornado è 100% Made in Italy ideato prodotto e distribuito in esclusiva da Tessiland.
;No;12919;Cordino Tornado Viola Grammi 200;P.ta 9059;180;Giletti S.P.A.;BA-29;Tricottino in rocca realizzato in Misto Cotone aspetto circolare ed effetto opaco. Rocca gr 200 metri 180 ca e un diametro di mm 2,3. Adatto per la realizzazione di borse ed affini, complementi d'arredo  tappeti e per il macramè. Consigliati uncinetto 5-7. Il cordino Tornado è 100% Made in Italy ideato prodotto e distribuito in esclusiva da Tessiland.
;No;pc222q0a;Fettuccia Pandoro Queen Argento Grammi 200;P.ta 2056-01;150;Indorama Ventures Lifestyle Italy Spa;AG-24;Fettuccia Poliestere e Poliammide in rocca da gr 200 mt 300 ca con aspetto lucido effetto setato Tubolare larghezza cm 0,4 ca per la realizzazione di Borse ed accessori. Consigliati Uncinetto 4-6.  Il Pandoro Queen è 100% Made in Italy ideato prodotto e distribuito in esclusiva da Tessiland.
;No;dyjvnfhk;Fettuccia Pandoro Queen Avion Grammi 200;P.ta 2375;120;Indorama Ventures Lifestyle Italy Spa;AG-23;Fettuccia Poliestere e Poliammide in rocca da gr 200 mt 300 ca con aspetto lucido effetto setato Tubolare larghezza cm 0,4 ca per la realizzazione di Borse ed accessori. Consigliati Uncinetto 4-6.  Il Pandoro Queen è 100% Made in Italy ideato prodotto e distribuito in esclusiva da Tessiland.
;No;xxtwxciv;Fettuccia Pandoro Queen Becco oca Grammi 200;;120;Indorama Ventures Lifestyle Italy Spa;AG-22;Fettuccia Poliestere e Poliammide in rocca da gr 200 mt 300 ca con aspetto lucido effetto setato Tubolare larghezza cm 0,4 ca per la realizzazione di Borse ed accessori. Consigliati Uncinetto 4-6.  Il Pandoro Queen è 100% Made in Italy ideato prodotto e distribuito in esclusiva da Tessiland.
;No;bnmbovpv;Fettuccia Pandoro Queen Beige Grammi 200;P.ta 1919;121;Indorama Ventures Lifestyle Italy Spa;AG-21;Fettuccia Poliestere e Poliammide in rocca da gr 200 mt 300 ca con aspetto lucido effetto setato Tubolare larghezza cm 0,4 ca per la realizzazione di Borse ed accessori. Consigliati Uncinetto 4-6.  Il Pandoro Queen è 100% Made in Italy ideato prodotto e distribuito in esclusiva da Tessiland.
;No;xge1gcir;Fettuccia Pandoro Queen Bianco Ottico Grammi 200;P.ta 4106;90;Indorama Ventures Lifestyle Italy Spa;AG-20;Fettuccia Poliestere e Poliammide in rocca da gr 200 mt 300 ca con aspetto lucido effetto setato Tubolare larghezza cm 0,4 ca per la realizzazione di Borse ed accessori. Consigliati Uncinetto 4-6.  Il Pandoro Queen è 100% Made in Italy ideato prodotto e distribuito in esclusiva da Tessiland.
;No;6mmxv8xk;Fettuccia Pandoro Queen Blu marine Grammi 200;P.ta 1048;120;Indorama Ventures Lifestyle Italy Spa;AG-19;Fettuccia Poliestere e Poliammide in rocca da gr 200 mt 300 ca con aspetto lucido effetto setato Tubolare larghezza cm 0,4 ca per la realizzazione di Borse ed accessori. Consigliati Uncinetto 4-6.  Il Pandoro Queen è 100% Made in Italy ideato prodotto e distribuito in esclusiva da Tessiland.
;No;n8o928s3;Fettuccia Pandoro Queen Bluette Grammi 200;P.ta 1365;150;Indorama Ventures Lifestyle Italy Spa;AG-18;Fettuccia Poliestere e Poliammide in rocca da gr 200 mt 300 ca con aspetto lucido effetto setato Tubolare larghezza cm 0,4 ca per la realizzazione di Borse ed accessori. Consigliati Uncinetto 4-6.  Il Pandoro Queen è 100% Made in Italy ideato prodotto e distribuito in esclusiva da Tessiland.
;No;j4obomwu;Fettuccia Pandoro Queen Bordeaux Grammi 200;P.ta 6586;150;Indorama Ventures Lifestyle Italy Spa;AG-17;Fettuccia Poliestere e Poliammide in rocca da gr 200 mt 300 ca con aspetto lucido effetto setato Tubolare larghezza cm 0,4 ca per la realizzazione di Borse ed accessori. Consigliati Uncinetto 4-6.  Il Pandoro Queen è 100% Made in Italy ideato prodotto e distribuito in esclusiva da Tessiland.
;No;12897;Fettuccia Pandoro Queen Caramello Grammi 200;P.ta 1236;30;Indorama Ventures Lifestyle Italy Spa;AG-16;Fettuccia Poliestere e Poliammide in rocca da gr 200 mt 300 ca con aspetto lucido effetto setato Tubolare larghezza cm 0,4 ca per la realizzazione di Borse ed accessori. Consigliati Uncinetto 4-6.  Il Pandoro Queen è 100% Made in Italy ideato prodotto e distribuito in esclusiva da Tessiland.
;No;oe2eg3z9;Fettuccia Pandoro Queen Carta Zucchero Grammi 200;P.ta 8080;90;Indorama Ventures Lifestyle Italy Spa;AG-15;Fettuccia Poliestere e Poliammide in rocca da gr 200 mt 300 ca con aspetto lucido effetto setato Tubolare larghezza cm 0,4 ca per la realizzazione di Borse ed accessori. Consigliati Uncinetto 4-6.  Il Pandoro Queen è 100% Made in Italy ideato prodotto e distribuito in esclusiva da Tessiland.
;No;ral41vbd;Fettuccia Pandoro Queen Castagna Grammi 200;P.ta 5022-01;150;Indorama Ventures Lifestyle Italy Spa;AG-14;Fettuccia Poliestere e Poliammide in rocca da gr 200 mt 300 ca con aspetto lucido effetto setato Tubolare larghezza cm 0,4 ca per la realizzazione di Borse ed accessori. Consigliati Uncinetto 4-6.  Il Pandoro Queen è 100% Made in Italy ideato prodotto e distribuito in esclusiva da Tessiland.
;No;lz37beob;Fettuccia Pandoro Queen Cipria Grammi 200;P.ta 3098;90;Indorama Ventures Lifestyle Italy Spa;AG-13;Fettuccia Poliestere e Poliammide in rocca da gr 200 mt 300 ca con aspetto lucido effetto setato Tubolare larghezza cm 0,4 ca per la realizzazione di Borse ed accessori. Consigliati Uncinetto 4-6.  Il Pandoro Queen è 100% Made in Italy ideato prodotto e distribuito in esclusiva da Tessiland.
;No;12931;Fettuccia Pandoro Queen Crema gr 200;P.ta 3699;120;Indorama Ventures Lifestyle Italy Spa;AG-12;Fettuccia Poliestere e Poliammide in rocca da gr 200 mt 300 ca con aspetto lucido effetto setato Tubolare larghezza cm 0,4 ca per la realizzazione di Borse ed accessori. Consigliati Uncinetto 4-6.  Il Pandoro Queen è 100% Made in Italy ideato prodotto e distribuito in esclusiva da Tessiland.
;No;11585;Fettuccia Pandoro Queen Cuoio Grammi 200;P.ta 8213;120;Indorama Ventures Lifestyle Italy Spa;AG-11;Fettuccia Poliestere e Poliammide in rocca da gr 200 mt 300 ca con aspetto lucido effetto setato Tubolare larghezza cm 0,4 ca per la realizzazione di Borse ed accessori. Consigliati Uncinetto 4-6.  Il Pandoro Queen è 100% Made in Italy ideato prodotto e distribuito in esclusiva da Tessiland.
;No;w6nygrwt;Fettuccia Pandoro Queen Fuxia Fluo Grammi 200;P.ta 2578;120;Indorama Ventures Lifestyle Italy Spa;AG-10;Fettuccia Poliestere e Poliammide in rocca da gr 200 mt 300 ca con aspetto lucido effetto setato Tubolare larghezza cm 0,4 ca per la realizzazione di Borse ed accessori. Consigliati Uncinetto 4-6.  Il Pandoro Queen è 100% Made in Italy ideato prodotto e distribuito in esclusiva da Tessiland.
;No;weq6b8r7;Fettuccia Pandoro Queen Glicine Grammi 200;P.ta 3098;120;Indorama Ventures Lifestyle Italy Spa;AG-9;Fettuccia Poliestere e Poliammide in rocca da gr 200 mt 300 ca con aspetto lucido effetto setato Tubolare larghezza cm 0,4 ca per la realizzazione di Borse ed accessori. Consigliati Uncinetto 4-6.  Il Pandoro Queen è 100% Made in Italy ideato prodotto e distribuito in esclusiva da Tessiland.
;No;qtyyi1xa;Fettuccia Pandoro Queen Grigio Grammi 200;P.ta 3028-01;150;Indorama Ventures Lifestyle Italy Spa;AG-8;"Fettuccia Poliestere e Poliammide in rocca da gr 200 mt 300 ca con aspetto lucido effetto setato Tubolare larghezza cm 0,4 ca per la realizzazione di Borse ed accessori. Consigliati Uncinetto 4-6.  Il Pandoro Queen è 100% Made in Italy ideato prodotto e distribuito in esclusiva da Tessiland. 
[P.ta 3028-01]"
;No;7260;Fettuccia Pandoro Queen Grigio Medio Grammi 200;P.ta 2156;150;Indorama Ventures Lifestyle Italy Spa;AG-7;Fettuccia Poliestere e Poliammide in rocca da gr 200 mt 300 ca con aspetto lucido effetto setato Tubolare larghezza cm 0,4 ca per la realizzazione di Borse ed accessori. Consigliati Uncinetto 4-6.  Il Pandoro Queen è 100% Made in Italy ideato prodotto e distribuito in esclusiva da Tessiland.
;No;12932;Fettuccia Pandoro Queen Lilla gr 200;P.ta 75122;150;Indorama Ventures Lifestyle Italy Spa;AG-6;Fettuccia Poliestere e Poliammide in rocca da gr 200 mt 300 ca con aspetto lucido effetto setato Tubolare larghezza cm 0,4 ca per la realizzazione di Borse ed accessori. Consigliati Uncinetto 4-6.  Il Pandoro Queen è 100% Made in Italy ideato prodotto e distribuito in esclusiva da Tessiland.
;No;12933;Fettuccia Pandoro Queen Lime gr 200;P.ta 75216;150;Indorama Ventures Lifestyle Italy Spa;AG-5;Fettuccia Poliestere e Poliammide in rocca da gr 200 mt 300 ca con aspetto lucido effetto setato Tubolare larghezza cm 0,4 ca per la realizzazione di Borse ed accessori. Consigliati Uncinetto 4-6.  Il Pandoro Queen è 100% Made in Italy ideato prodotto e distribuito in esclusiva da Tessiland.
;No;12935;Fettuccia Pandoro Queen Magenta gr 200;[P.ta 75140];150;Indorama Ventures Lifestyle Italy Spa;AG-4;Fettuccia Poliestere e Poliammide in rocca da gr 200 mt 300 ca con aspetto lucido effetto setato Tubolare larghezza cm 0,4 ca per la realizzazione di Borse ed accessori. Consigliati Uncinetto 4-6.  Il Pandoro Queen è 100% Made in Italy ideato prodotto e distribuito in esclusiva da Tessiland.
;No;6351;Fettuccia Pandoro Queen Militare Grammi 200;;150;Indorama Ventures Lifestyle Italy Spa;AG-3;Fettuccia Poliestere e Poliammide in rocca da gr 200 mt 300 ca con aspetto lucido effetto setato Tubolare larghezza cm 0,4 ca per la realizzazione di Borse ed accessori. Consigliati Uncinetto 4-6.  Il Pandoro Queen è 100% Made in Italy ideato prodotto e distribuito in esclusiva da Tessiland.
;No;oa3jo3uk;Fettuccia Pandoro Queen Nero Grammi 200;P.ta 6028;150;Indorama Ventures Lifestyle Italy Spa;AG-2;Fettuccia Poliestere e Poliammide in rocca da gr 200 mt 300 ca con aspetto lucido effetto setato Tubolare larghezza cm 0,4 ca per la realizzazione di Borse ed accessori. Consigliati Uncinetto 4-6.  Il Pandoro Queen è 100% Made in Italy ideato prodotto e distribuito in esclusiva da Tessiland.
;No;3yvbo0x6;Fettuccia Pandoro Queen Nocciola Grammi 200;P.ta 0986;90;Indorama Ventures Lifestyle Italy Spa;AG-1;Fettuccia Poliestere e Poliammide in rocca da gr 200 mt 300 ca con aspetto lucido effetto setato Tubolare larghezza cm 0,4 ca per la realizzazione di Borse ed accessori. Consigliati Uncinetto 4-6.  Il Pandoro Queen è 100% Made in Italy ideato prodotto e distribuito in esclusiva da Tessiland.
;No;avaa2v54;Fettuccia Pandoro Queen Nuvola Grammi 200;P.ta 2059-01;120;Indorama Ventures Lifestyle Italy Spa;AF-1;Fettuccia Poliestere e Poliammide in rocca da gr 200 mt 300 ca con aspetto lucido effetto setato Tubolare larghezza cm 0,4 ca per la realizzazione di Borse ed accessori. Consigliati Uncinetto 4-6.  Il Pandoro Queen è 100% Made in Italy ideato prodotto e distribuito in esclusiva da Tessiland.
;No;14595;Fettuccia Pandoro Queen Panna Grammi 200;P.ta 2776;30;Indorama Ventures Lifestyle Italy Spa;AF-2;Fettuccia Poliestere e Poliammide in rocca da gr 200 mt 300 ca con aspetto lucido effetto setato Tubolare larghezza cm 0,4 ca per la realizzazione di Borse ed accessori. Consigliati Uncinetto 4-6.  Il Pandoro Queen è 100% Made in Italy ideato prodotto e distribuito in esclusiva da Tessiland.
;No;9exj78cy;Fettuccia Pandoro Queen Petrolio Grammi 200;P.ta 8906;120;Indorama Ventures Lifestyle Italy Spa;AF-3;Fettuccia Poliestere e Poliammide in rocca da gr 200 mt 300 ca con aspetto lucido effetto setato Tubolare larghezza cm 0,4 ca per la realizzazione di Borse ed accessori. Consigliati Uncinetto 4-6.  Il Pandoro Queen è 100% Made in Italy ideato prodotto e distribuito in esclusiva da Tessiland.
;No;12938;Fettuccia Pandoro Queen Pistacchio gr 200;P.ta 75308;120;Indorama Ventures Lifestyle Italy Spa;AF-4;Fettuccia Poliestere e Poliammide in rocca da gr 200 mt 300 ca con aspetto lucido effetto setato Tubolare larghezza cm 0,4 ca per la realizzazione di Borse ed accessori. Consigliati Uncinetto 4-6.  Il Pandoro Queen è 100% Made in Italy ideato prodotto e distribuito in esclusiva da Tessiland.
;No;rsuses4p;Fettuccia Pandoro Queen Rame Grammi 200;P.ta 2941;0;Indorama Ventures Lifestyle Italy Spa;AF-5;Fettuccia Poliestere e Poliammide in rocca da gr 200 mt 300 ca con aspetto lucido effetto setato Tubolare larghezza cm 0,4 ca per la realizzazione di Borse ed accessori. Consigliati Uncinetto 4-6.  Il Pandoro Queen è 100% Made in Italy ideato prodotto e distribuito in esclusiva da Tessiland.
;No;nevx4uy9;Fettuccia Pandoro Queen Rosso Grammi 200;P.ta 5038-01;120;Indorama Ventures Lifestyle Italy Spa;AF-6;Fettuccia Poliestere e Poliammide in rocca da gr 200 mt 300 ca con aspetto lucido effetto setato Tubolare larghezza cm 0,4 ca per la realizzazione di Borse ed accessori. Consigliati Uncinetto 4-6.  Il Pandoro Queen è 100% Made in Italy ideato prodotto e distribuito in esclusiva da Tessiland.
;No;94idud1q;Fettuccia Pandoro Queen Sole Grammi 200;P.ta 3098;150;Indorama Ventures Lifestyle Italy Spa;AF-7;Fettuccia Poliestere e Poliammide in rocca da gr 200 mt 300 ca con aspetto lucido effetto setato Tubolare larghezza cm 0,4 ca per la realizzazione di Borse ed accessori. Consigliati Uncinetto 4-6.  Il Pandoro Queen è 100% Made in Italy ideato prodotto e distribuito in esclusiva da Tessiland.
;No;udeix2bw;Fettuccia Pandoro Queen Tiffany Grammi 200;P.ta 8630;120;Indorama Ventures Lifestyle Italy Spa;AF-8;Fettuccia Poliestere e Poliammide in rocca da gr 200 mt 300 ca con aspetto lucido effetto setato Tubolare larghezza cm 0,4 ca per la realizzazione di Borse ed accessori. Consigliati Uncinetto 4-6.  Il Pandoro Queen è 100% Made in Italy ideato prodotto e distribuito in esclusiva da Tessiland.
;No;12940;Fettuccia Pandoro Queen Turchese gr 200;P.ta 75123;60;Indorama Ventures Lifestyle Italy Spa;AF-9;Fettuccia Poliestere e Poliammide in rocca da gr 200 mt 300 ca con aspetto lucido effetto setato Tubolare larghezza cm 0,4 ca per la realizzazione di Borse ed accessori. Consigliati Uncinetto 4-6.  Il Pandoro Queen è 100% Made in Italy ideato prodotto e distribuito in esclusiva da Tessiland.
;No;6350;Fettuccia Pandoro Queen Verde Grammi 200;P.ta 5252;150;Indorama Ventures Lifestyle Italy Spa;AF-10;Fettuccia Poliestere e Poliammide in rocca da gr 200 mt 300 ca con aspetto lucido effetto setato Tubolare larghezza cm 0,4 ca per la realizzazione di Borse ed accessori. Consigliati Uncinetto 4-6.  Il Pandoro Queen è 100% Made in Italy ideato prodotto e distribuito in esclusiva da Tessiland.
;No;nlp0dlug;Fettuccia Pandoro Queen Viola Grammi 200;P.ta 5218-01;150;Indorama Ventures Lifestyle Italy Spa;AF-11;Fettuccia Poliestere e Poliammide in rocca da gr 200 mt 300 ca con aspetto lucido effetto setato Tubolare larghezza cm 0,4 ca per la realizzazione di Borse ed accessori. Consigliati Uncinetto 4-6.  Il Pandoro Queen è 100% Made in Italy ideato prodotto e distribuito in esclusiva da Tessiland.
;No; 25135;Fettuccia Pappardella Bordeaux Gr 200;P.ta 2025;90;Indorama Ventures Lifestyle Italy Spa;BK-3;Fettuccia Pappardella, realizzata con i materiali Made in Italy del famosissimo cordino Sublime, ha garanzia di continuità nei colori. Formato rocca da 200 grammi per una lunghezza di 60 metri ed una larghezza di cm 1,5 circa, la fettuccia Pappardella si propone come novità esclusiva di Tessiland per assecondare la richiesta di vedere una fettuccia con una struttura simile alla Lycra ma realizzato in cordino. Sono consigliati uncinetti molto grandi 10+.
;No; 25137;Fettuccia Pappardella Cuoio Gr 200;P.ta 2025;60;Indorama Ventures Lifestyle Italy Spa;BK-4;Fettuccia Pappardella, realizzata con i materiali Made in Italy del famosissimo cordino Sublime, ha garanzia di continuità nei colori. Formato rocca da 200 grammi per una lunghezza di 60 metri ed una larghezza di cm 1,5 circa, la fettuccia Pappardella si propone come novità esclusiva di Tessiland per assecondare la richiesta di vedere una fettuccia con una struttura simile alla Lycra ma realizzato in cordino. Sono consigliati uncinetti molto grandi 10+.
;No;25134;Fettuccia Pappardella Militare Gr 200;P.ta 2025;90;Indorama Ventures Lifestyle Italy Spa;BK-5;Fettuccia Pappardella, realizzata con i materiali Made in Italy del famosissimo cordino Sublime, ha garanzia di continuità nei colori. Formato rocca da 200 grammi per una lunghezza di 60 metri ed una larghezza di cm 1,5 circa, la fettuccia Pappardella si propone come novità esclusiva di Tessiland per assecondare la richiesta di vedere una fettuccia con una struttura simile alla Lycra ma realizzato in cordino. Sono consigliati uncinetti molto grandi 10+.
;No;25139;Fettuccia Pappardella Nero Gr 200;P.ta 2025;60;Indorama Ventures Lifestyle Italy Spa;BK-6;Fettuccia Pappardella, realizzata con i materiali Made in Italy del famosissimo cordino Sublime, ha garanzia di continuità nei colori. Formato rocca da 200 grammi per una lunghezza di 60 metri ed una larghezza di cm 1,5 circa, la fettuccia Pappardella si propone come novità esclusiva di Tessiland per assecondare la richiesta di vedere una fettuccia con una struttura simile alla Lycra ma realizzato in cordino. Sono consigliati uncinetti molto grandi 10+.
;No;25138;Fettuccia Pappardella Panna Gr 200;P.ta 2026;60;Indorama Ventures Lifestyle Italy Spa;BK-7;Fettuccia Pappardella, realizzata con i materiali Made in Italy del famosissimo cordino Sublime, ha garanzia di continuità nei colori. Formato rocca da 200 grammi per una lunghezza di 60 metri ed una larghezza di cm 1,5 circa, la fettuccia Pappardella si propone come novità esclusiva di Tessiland per assecondare la richiesta di vedere una fettuccia con una struttura simile alla Lycra ma realizzato in cordino. Sono consigliati uncinetti molto grandi 10+.
;No;25133;Fettuccia Pappardella Rame Gr 200;P.ta 2025;90;Indorama Ventures Lifestyle Italy Spa;BK-8;Fettuccia Pappardella, realizzata con i materiali Made in Italy del famosissimo cordino Sublime, ha garanzia di continuità nei colori. Formato rocca da 200 grammi per una lunghezza di 60 metri ed una larghezza di cm 1,5 circa, la fettuccia Pappardella si propone come novità esclusiva di Tessiland per assecondare la richiesta di vedere una fettuccia con una struttura simile alla Lycra ma realizzato in cordino. Sono consigliati uncinetti molto grandi 10+.
;No;25136;Fettuccia Pappardella Rosso Gr 200;P.ta 2025;60;Indorama Ventures Lifestyle Italy Spa;BK-9;Fettuccia Pappardella, realizzata con i materiali Made in Italy del famosissimo cordino Sublime, ha garanzia di continuità nei colori. Formato rocca da 200 grammi per una lunghezza di 60 metri ed una larghezza di cm 1,5 circa, la fettuccia Pappardella si propone come novità esclusiva di Tessiland per assecondare la richiesta di vedere una fettuccia con una struttura simile alla Lycra ma realizzato in cordino. Sono consigliati uncinetti molto grandi 10+.
;No;8463;Fettuccia Tagliatella Top Avio Gr 200;P.ta 03;120;Filsaronno Srl;BD-1;Fettuccia Tagliatella in Polipropilene. Rocca da 200 grammi con struttura tubolare da cm 0,8 ca per una lunghezza di metri 110 ca. Ideale per realizzare borse, cestini e complementi d'arredo. Consigliati Uncinetto 7-9. La Tagliatella Top è 100% Made in Italy ideata prodotta e distribuita in esclusiva da Tessiland.
;No;9046;Fettuccia Tagliatella Top Azzurro Gr 200;P.ta 04;120;Filsaronno Srl;BD-1;Fettuccia Tagliatella in Polipropilene. Rocca da 200 grammi con struttura tubolare da cm 0,8 ca per una lunghezza di metri 110 ca. Ideale per realizzare borse, cestini e complementi d'arredo. Consigliati Uncinetto 7-9. La Tagliatella Top è 100% Made in Italy ideata prodotta e distribuita in esclusiva da Tessiland.
;No;7836;Fettuccia Tagliatella Top Beige Gr 200;P.ta 03;180;Filsaronno Srl;BD-2;Fettuccia Tagliatella in Polipropilene. Rocca da 200 grammi con struttura tubolare da cm 0,8 ca per una lunghezza di metri 110 ca. Ideale per realizzare borse, cestini e complementi d'arredo. Consigliati Uncinetto 7-9. La Tagliatella Top è 100% Made in Italy ideata prodotta e distribuita in esclusiva da Tessiland.
;No;7837;Fettuccia Tagliatella Top Bianco Gr 200;P.ta 4;120;Filsaronno Srl;BD-3;Fettuccia Tagliatella in Polipropilene. Rocca da 200 grammi con struttura tubolare da cm 0,8 ca per una lunghezza di metri 110 ca. Ideale per realizzare borse, cestini e complementi d'arredo. Consigliati Uncinetto 7-9. La Tagliatella Top è 100% Made in Italy ideata prodotta e distribuita in esclusiva da Tessiland.
;No;7838;Fettuccia Tagliatella Top Blu Navy Gr 200;P.ta 4;63;Filsaronno Srl;BD-4;Fettuccia Tagliatella in Polipropilene. Rocca da 200 grammi con struttura tubolare da cm 0,8 ca per una lunghezza di metri 110 ca. Ideale per realizzare borse, cestini e complementi d'arredo. Consigliati Uncinetto 7-9. La Tagliatella Top è 100% Made in Italy ideata prodotta e distribuita in esclusiva da Tessiland.
;No;8819;Fettuccia Tagliatella Top Caffè Gr 200;P.ta 04;150;Filsaronno Srl;BD-5;Fettuccia Tagliatella in Polipropilene. Rocca da 200 grammi con struttura tubolare da cm 0,8 ca per una lunghezza di metri 110 ca. Ideale per realizzare borse, cestini e complementi d'arredo. Consigliati Uncinetto 7-9. La Tagliatella Top è 100% Made in Italy ideata prodotta e distribuita in esclusiva da Tessiland.
;No;8037;Fettuccia Tagliatella Top Cipria Gr 200;P.ta 2601;120;Filsaronno Srl;BD-6;Fettuccia Tagliatella in Polipropilene. Rocca da 200 grammi con struttura tubolare da cm 0,8 ca per una lunghezza di metri 110 ca. Ideale per realizzare borse, cestini e complementi d'arredo. Consigliati Uncinetto 7-9. La Tagliatella Top è 100% Made in Italy ideata prodotta e distribuita in esclusiva da Tessiland.
;No;7839;Fettuccia Tagliatella Top Crema Gr 200;P.ta 02;120;Filsaronno Srl;BD-7;Fettuccia Tagliatella in Polipropilene. Rocca da 200 grammi con struttura tubolare da cm 0,8 ca per una lunghezza di metri 110 ca. Ideale per realizzare borse, cestini e complementi d'arredo. Consigliati Uncinetto 7-9. La Tagliatella Top è 100% Made in Italy ideata prodotta e distribuita in esclusiva da Tessiland.
;No;7840;Fettuccia Tagliatella Top Fragola Gr 200;P.ta 02;90;Filsaronno Srl;BD-8;Fettuccia Tagliatella in Polipropilene. Rocca da 200 grammi con struttura tubolare da cm 0,8 ca per una lunghezza di metri 110 ca. Ideale per realizzare borse, cestini e complementi d'arredo. Consigliati Uncinetto 7-9. La Tagliatella Top è 100% Made in Italy ideata prodotta e distribuita in esclusiva da Tessiland.
;No;8205;Fettuccia Tagliatella Top Giada Gr 200;P.ta 03;90;Filsaronno Srl;BD-8;Fettuccia Tagliatella in Polipropilene. Rocca da 200 grammi con struttura tubolare da cm 0,8 ca per una lunghezza di metri 110 ca. Ideale per realizzare borse, cestini e complementi d'arredo. Consigliati Uncinetto 7-9. La Tagliatella Top è 100% Made in Italy ideata prodotta e distribuita in esclusiva da Tessiland.
;No;8204;Fettuccia Tagliatella Top Glicine Gr 200;P.ta 03;90;Filsaronno Srl;BD-9;Fettuccia Tagliatella in Polipropilene. Rocca da 200 grammi con struttura tubolare da cm 0,8 ca per una lunghezza di metri 110 ca. Ideale per realizzare borse, cestini e complementi d'arredo. Consigliati Uncinetto 7-9. La Tagliatella Top è 100% Made in Italy ideata prodotta e distribuita in esclusiva da Tessiland.
;No;7841;Fettuccia Tagliatella Top Grigio Gr 200;P.ta 02;90;Filsaronno Srl;BD-9;"Fettuccia Tagliatella in Polipropilene. Rocca da 200 grammi con struttura tubolare da cm 0,8 ca per una lunghezza di metri 110 ca. Ideale per realizzare borse, cestini e complementi d'arredo. Consigliati Uncinetto 7-9. La Tagliatella Top è 100% Made in Italy ideata prodotta e distribuita in esclusiva da Tessiland. 
[P.ta 02]"
;No;9045;Fettuccia Tagliatella Top Malva Gr 200;P.ta 04;30;Filsaronno Srl;BD-10;Fettuccia Tagliatella in Polipropilene. Rocca da 200 grammi con struttura tubolare da cm 0,8 ca per una lunghezza di metri 110 ca. Ideale per realizzare borse, cestini e complementi d'arredo. Consigliati Uncinetto 7-9. La Tagliatella Top è 100% Made in Italy ideata prodotta e distribuita in esclusiva da Tessiland.
;No;8818;Fettuccia Tagliatella Top Mango Gr 200;P.ta 5;90;Filsaronno Srl;BD-10;Fettuccia Tagliatella in Polipropilene. Rocca da 200 grammi con struttura tubolare da cm 0,8 ca per una lunghezza di metri 110 ca. Ideale per realizzare borse, cestini e complementi d'arredo. Consigliati Uncinetto 7-9. La Tagliatella Top è 100% Made in Italy ideata prodotta e distribuita in esclusiva da Tessiland.
;No;7842;Fettuccia Tagliatella Top Mosto Gr 200;P.ta 04;90;Filsaronno Srl;BD-11;Fettuccia Tagliatella in Polipropilene. Rocca da 200 grammi con struttura tubolare da cm 0,8 ca per una lunghezza di metri 110 ca. Ideale per realizzare borse, cestini e complementi d'arredo. Consigliati Uncinetto 7-9. La Tagliatella Top è 100% Made in Italy ideata prodotta e distribuita in esclusiva da Tessiland.
;No;7843;Fettuccia Tagliatella Top Nero Gr 200;P.ta 4;90;Filsaronno Srl;BD-12;Fettuccia Tagliatella in Polipropilene. Rocca da 200 grammi con struttura tubolare da cm 0,8 ca per una lunghezza di metri 110 ca. Ideale per realizzare borse, cestini e complementi d'arredo. Consigliati Uncinetto 7-9. La Tagliatella Top è 100% Made in Italy ideata prodotta e distribuita in esclusiva da Tessiland.
;No;8462;Fettuccia Tagliatella Top Rame Gr 200;P.ta 03;30;Filsaronno Srl;BD-13;Fettuccia Tagliatella in Polipropilene. Rocca da 200 grammi con struttura tubolare da cm 0,8 ca per una lunghezza di metri 110 ca. Ideale per realizzare borse, cestini e complementi d'arredo. Consigliati Uncinetto 7-9. La Tagliatella Top è 100% Made in Italy ideata prodotta e distribuita in esclusiva da Tessiland.
;No;8108;Fettuccia Tagliatella Top Salvia Gr 200;P.TA 2408;60;Filsaronno Srl;BD-14;Fettuccia Tagliatella in Polipropilene. Rocca da 200 grammi con struttura tubolare da cm 0,8 ca per una lunghezza di metri 110 ca. Ideale per realizzare borse, cestini e complementi d'arredo. Consigliati Uncinetto 7-9. La Tagliatella Top è 100% Made in Italy ideata prodotta e distribuita in esclusiva da Tessiland.
;No;7844;Fettuccia Tagliatella Top Silver Gr 200;P.ta 02;90;Filsaronno Srl;BD-14;Fettuccia Tagliatella in Polipropilene. Rocca da 200 grammi con struttura tubolare da cm 0,8 ca per una lunghezza di metri 110 ca. Ideale per realizzare borse, cestini e complementi d'arredo. Consigliati Uncinetto 7-9. La Tagliatella Top è 100% Made in Italy ideata prodotta e distribuita in esclusiva da Tessiland.
;No;8817;Fettuccia Tagliatella Top Smeraldo Gr 200;P.ta 04;97;Filsaronno Srl;BD-15;Fettuccia Tagliatella in Polipropilene. Rocca da 200 grammi con struttura tubolare da cm 0,8 ca per una lunghezza di metri 110 ca. Ideale per realizzare borse, cestini e complementi d'arredo. Consigliati Uncinetto 7-9. La Tagliatella Top è 100% Made in Italy ideata prodotta e distribuita in esclusiva da Tessiland.
;No;8107;Fettuccia Tagliatella Top Tiffany Gr 200;P.ta 03;90;Filsaronno Srl;BD-15;Fettuccia Tagliatella in Polipropilene. Rocca da 200 grammi con struttura tubolare da cm 0,8 ca per una lunghezza di metri 110 ca. Ideale per realizzare borse, cestini e complementi d'arredo. Consigliati Uncinetto 7-9. La Tagliatella Top è 100% Made in Italy ideata prodotta e distribuita in esclusiva da Tessiland.
;No;nv040k2x;Handy Arancio Oro Grammi 200;p.ta 2337401;0;Cofil S.R.L.;;Rocca di Cotone con inserti lurex. Composizione 41% Cotone 36% Acrilico 18%Poliammide 5%Poliestere. Peso grammi 200 lunghezza Metri 1340 ca. Consigliati:Ferri 2 Uncinetto 1.50-2.00. Idonea per abbigliamento ed inserti. [P.ta 1451902]
;No;6jdmk1y1;Handy Beige Argento Grammi 200;p.ta R1589301;0;Cofil S.R.L.;;Rocca di Cotone con inserti lurex. Composizione 41% Cotone 36% Acrilico 18%Poliammide 5%Poliestere. Peso grammi 200 lunghezza Metri 1340 ca. Consigliati:Ferri 2 Uncinetto 1.50-2.00. Idonea per abbigliamento ed inserti. [P.ta R1589301]
;No;w8q90gs1;Handy Bianco Argento Grammi 200;P.ta R2759307;0;Cofil S.R.L.;;Rocca di Cotone con inserti lurex. Composizione 41% Cotone 36% Acrilico 18%Poliammide 5%Poliestere. Peso grammi 200 lunghezza Metri 1340 ca. Consigliati:Ferri 2 Uncinetto 1.50-2.00. Idonea per abbigliamento ed inserti.
;No;2lgsz239;Handy Blu Argento Grammi 200; p ta R1292103;0;Cofil S.R.L.;;"Rocca di Cotone con inserti lurex. Composizione 41% Cotone 36% Acrilico 18%Poliammide 5%Poliestere. Peso grammi 200 lunghezza Metri 1340 ca. Consigliati:Ferri 2 Uncinetto 1.50-2.00. Idonea per abbigliamento ed inserti. 
[P.ta R1292103]"
;No;40701;Handy Blu Lux Grammi 200;P.ta R2595203;0;Cofil S.R.L.;;Rocca di Cotone con inserti lurex. Composizione 41% Cotone 36% Acrilico 18%Poliammide 5%Poliestere. Peso grammi 200 lunghezza Metri 1340 ca. Consigliati:Ferri 2 Uncinetto 1.50-2.00. Idonea per abbigliamento ed inserti.
;No;k4r2eiyw;Handy Bluette Argento Grammi 200; p.ta 1402001;0;Cofil S.R.L.;;Rocca di Cotone con inserti lurex. Composizione 41% Cotone 36% Acrilico 18%Poliammide 5%Poliestere. Peso grammi 200 lunghezza Metri 1340 ca. Consigliati:Ferri 2 Uncinetto 1.50-2.00. Idonea per abbigliamento ed inserti. [P.ta 1402001]
;No;40633;Handy Bluette Blu Grammi 200;P.ta R2759304;0;Cofil S.R.L.;;Rocca di Cotone con inserti lurex. Composizione 41% Cotone 36% Acrilico 18%Poliammide 5%Poliestere. Peso grammi 200 lunghezza Metri 1340 ca. Consigliati:Ferri 2 Uncinetto 1.50-2.00. Idonea per abbigliamento ed inserti.
;No;otvjg93g;Handy Bottiglia smeraldo Grammi 200;p.ta RE1454401;0;Cofil S.R.L.;;"Rocca di Cotone con inserti lurex. Composizione 41% Cotone 36% Acrilico 18%Poliammide 5%Poliestere. Peso grammi 200 lunghezza Metri 1340 ca. Consigliati:Ferri 2 Uncinetto 1.50-2.00. Idonea per abbigliamento ed inserti. 
[P.ta RE1454401]"
;No;40630;Handy Camoscio rame Grammi 200;P.ta R2759301;0;Cofil S.R.L.;;Rocca di Cotone con inserti lurex. Composizione 41% Cotone 36% Acrilico 18%Poliammide 5%Poliestere. Peso grammi 200 lunghezza Metri 1340 ca. Consigliati:Ferri 2 Uncinetto 1.50-2.00. Idonea per abbigliamento ed inserti.
;No;42bktp7e;Handy Cielo Argento Grammi 200;pta R1798101;0;Cofil S.R.L.;;Rocca di Cotone con inserti lurex. Composizione 41% Cotone 36% Acrilico 18%Poliammide 5%Poliestere. Peso grammi 200 lunghezza Metri 1340 ca. Consigliati:Ferri 2 Uncinetto 1.50-2.00. Idonea per abbigliamento ed inserti. [P.ta 1647401]
;No;5687;Handy Cielo Lux Grammi 200;P.ta R2723403;0;Cofil S.R.L.;;Rocca di Cotone con inserti lurex. Composizione 41% Cotone 36% Acrilico 18%Poliammide 5%Poliestere. Peso grammi 200 lunghezza Metri 1340 ca. Consigliati:Ferri 2 Uncinetto 1.50-2.00. Idonea per abbigliamento ed inserti.
;No;6847;Handy Corallo Lux Grammi 200;[P.ta R1492402];0;Cofil S.R.L.;;"Rocca di Cotone con inserti lurex. Composizione 41% Cotone 36% Acrilico 18%Poliammide 5%Poliestere. Peso grammi 200 lunghezza Metri 1340 ca. Consigliati:Ferri 2 Uncinetto 1.50-2.00. Idonea per abbigliamento ed inserti.
[P.ta R1492402]"
;No;7011;Handy Cuoio Rosso Grammi 200;p.ta 1448001;0;Cofil S.R.L.;;Rocca di Cotone con inserti lurex. Composizione 41% Cotone 36% Acrilico 18%Poliammide 5%Poliestere. Peso grammi 200 lunghezza Metri 1340 ca. Consigliati:Ferri 2 Uncinetto 1.50-2.00. Idonea per abbigliamento ed inserti. [P.ta 1448001]
;No;0y015bci;Handy Fuxia Argento Grammi 200;p.ta r1105602;0;Cofil S.R.L.;;Rocca di Cotone con inserti lurex. Composizione 41% Cotone 36% Acrilico 18%Poliammide 5%Poliestere. Peso grammi 200 lunghezza Metri 1340 ca. Consigliati:Ferri 2 Uncinetto 1.50-2.00. Idonea per abbigliamento ed inserti. [P.ta r1105602]
;No;waj6tmjc;Handy Ghiaia Argento  Grammi 200;P.ta R2595204;0;Cofil S.R.L.;;Rocca di Cotone con inserti lurex. Composizione 41% Cotone 36% Acrilico 18%Poliammide 5%Poliestere. Peso grammi 200 lunghezza Metri 1340 ca. Consigliati:Ferri 2 Uncinetto 1.50-2.00. Idonea per abbigliamento ed inserti.
;No;40619;Handy Lilla lilla Grammi 200;P.ta R2759303;0;Cofil S.R.L.;;Rocca di Cotone con inserti lurex. Composizione 41% Cotone 36% Acrilico 18%Poliammide 5%Poliestere. Peso grammi 200 lunghezza Metri 1340 ca. Consigliati:Ferri 2 Uncinetto 1.50-2.00. Idonea per abbigliamento ed inserti.
;No;6848;Handy Lilla Rame Grammi 200;P.ta 1454405;0;Cofil S.R.L.;;Rocca di Cotone con inserti lurex. Composizione 41% Cotone 36% Acrilico 18%Poliammide 5%Poliestere. Peso grammi 200 lunghezza Metri 1340 ca. Consigliati:Ferri 2 Uncinetto 1.50-2.00. Idonea per abbigliamento ed inserti. [P.ta 1454405]
;No;40620;Handy Marino Azzurro Grammi 200;P.ta R2759305;0;Cofil S.R.L.;;Rocca di Cotone con inserti lurex. Composizione 41% Cotone 36% Acrilico 18%Poliammide 5%Poliestere. Peso grammi 200 lunghezza Metri 1340 ca. Consigliati:Ferri 2 Uncinetto 1.50-2.00. Idonea per abbigliamento ed inserti.
;No;myrlww15;Handy Mattone Rame Grammi 200;p.ta 1453601;0;Cofil S.R.L.;;Rocca di Cotone con inserti lurex. Composizione 41% Cotone 36% Acrilico 18%Poliammide 5%Poliestere. Peso grammi 200 lunghezza Metri 1340 ca. Consigliati:Ferri 2 Uncinetto 1.50-2.00. Idonea per abbigliamento ed inserti. [P.ta 1453601]
;No;xtevefeu;Handy Militare Rame Grammi 200;p.ta R2385606;0;Cofil S.R.L.;;"Rocca di Cotone con inserti lurex. Composizione 41% Cotone 36% Acrilico 18%Poliammide 5%Poliestere. Peso grammi 200 lunghezza Metri 1340 ca. Consigliati:Ferri 2 Uncinetto 1.50-2.00. Idonea per abbigliamento ed inserti. 
[P.ta R1428902]"
;No;l3og280g;Handy Nero Argento  Grammi 200;P.ta R2171102;0;Cofil S.R.L.;;"Rocca di Cotone con inserti lurex. Composizione 41% Cotone 36% Acrilico 18%Poliammide 5%Poliestere. Peso grammi 200 lunghezza Metri 1340 ca. Consigliati:Ferri 2 Uncinetto 1.50-2.00. Idonea per abbigliamento ed inserti. 
[P.ta R2171102]"
;No;40634;Handy Nero Oro  Grammi 200;P.ta R2595205;0;Cofil S.R.L.;;Rocca di Cotone con inserti lurex. Composizione 41% Cotone 36% Acrilico 18%Poliammide 5%Poliestere. Peso grammi 200 lunghezza Metri 1340 ca. Consigliati:Ferri 2 Uncinetto 1.50-2.00. Idonea per abbigliamento ed inserti.
;No;nloxl58v;Handy Nocciola Oro Grammi 200;P.ta R2723401;0;Cofil S.R.L.;;Rocca di Cotone con inserti lurex. Composizione 41% Cotone 36% Acrilico 18%Poliammide 5%Poliestere. Peso grammi 200 lunghezza Metri 1340 ca. Consigliati:Ferri 2 Uncinetto 1.50-2.00. Idonea per abbigliamento ed inserti.
;No;4krred23;Handy Panna Oro Grammi 200;P.ta R2565801;0;Cofil S.R.L.;;Rocca di Cotone con inserti lurex. Composizione 41% Cotone 36% Acrilico 18%Poliammide 5%Poliestere. Peso grammi 200 lunghezza Metri 1340 ca. Consigliati:Ferri 2 Uncinetto 1.50-2.00. Idonea per abbigliamento ed inserti.
;No;37pr5d8r;Handy Rosa Lilla Grammi 200; p.ta R1873401;0;Cofil S.R.L.;;"Rocca di Cotone con inserti lurex. Composizione 41% Cotone 36% Acrilico 18%Poliammide 5%Poliestere. Peso grammi 200 lunghezza Metri 1340 ca. Consigliati:Ferri 2 Uncinetto 1.50-2.00. Idonea per abbigliamento ed inserti.
[P.ta R1873401]"
;No;40632;Handy Rosa lux Grammi 200;P.ta R2759302;0;Cofil S.R.L.;;Rocca di Cotone con inserti lurex. Composizione 41% Cotone 36% Acrilico 18%Poliammide 5%Poliestere. Peso grammi 200 lunghezza Metri 1340 ca. Consigliati:Ferri 2 Uncinetto 1.50-2.00. Idonea per abbigliamento ed inserti.
;No;crk37j7p;Handy Rosa Oro Grammi 200;p.ta 1446701;0;Cofil S.R.L.;;Rocca di Cotone con inserti lurex. Composizione 41% Cotone 36% Acrilico 18%Poliammide 5%Poliestere. Peso grammi 200 lunghezza Metri 1340 ca. Consigliati:Ferri 2 Uncinetto 1.50-2.00. Idonea per abbigliamento ed inserti. [P.ta 1446701]
;No;oix1pfir;Handy Rosso Oro Grammi 200;pta R1677701;0;Cofil S.R.L.;;Rocca di Cotone con inserti lurex. Composizione 41% Cotone 36% Acrilico 18%Poliammide 5%Poliestere. Peso grammi 200 lunghezza Metri 1340 ca. Consigliati:Ferri 2 Uncinetto 1.50-2.00. Idonea per abbigliamento ed inserti. [P.ta R1677701]
;No;mtl1y2z2;Handy Senape Oro Grammi 200;P.ta r1421902;0;Cofil S.R.L.;;Rocca di Cotone con inserti lurex. Composizione 41% Cotone 36% Acrilico 18%Poliammide 5%Poliestere. Peso grammi 200 lunghezza Metri 1340 ca. Consigliati:Ferri 2 Uncinetto 1.50-2.00. Idonea per abbigliamento ed inserti. [P.ta r1421902]
;No;s19w31w9;Handy Smeraldo Oro Grammi 200;P.ta R1454404;0;Cofil S.R.L.;;"Rocca di Cotone con inserti lurex. Composizione 41% Cotone 36% Acrilico 18%Poliammide 5%Poliestere. Peso grammi 200 lunghezza Metri 1340 ca. Consigliati:Ferri 2 Uncinetto 1.50-2.00. Idonea per abbigliamento ed inserti. 
[P.ta R1454404]"
;No;wdey16t8;Handy Turchese acqua Grammi 200;p.ta R1677702;0;Cofil S.R.L.;;"Rocca di Cotone con inserti lurex. Composizione 41% Cotone 36% Acrilico 18%Poliammide 5%Poliestere. Peso grammi 200 lunghezza Metri 1340 ca. Consigliati:Ferri 2 Uncinetto 1.50-2.00. Idonea per abbigliamento ed inserti. 
[P.ta R1677702]"
;No;l7ygw3lj;Handy Verde Acqua Argento Grammi 200;p.ta 1551801;0;Cofil S.R.L.;;"Rocca di Cotone con inserti lurex. Composizione 41% Cotone 36% Acrilico 18%Poliammide 5%Poliestere. Peso grammi 200 lunghezza Metri 1340 ca. Consigliati:Ferri 2 Uncinetto 1.50-2.00. Idonea per abbigliamento ed inserti. 
[P.ta 1551801]"
;No;40702;Handy Verde Lux Grammi 200;P.ta R2759306;0;Cofil S.R.L.;;Rocca di Cotone con inserti lurex. Composizione 41% Cotone 36% Acrilico 18%Poliammide 5%Poliestere. Peso grammi 200 lunghezza Metri 1340 ca. Consigliati:Ferri 2 Uncinetto 1.50-2.00. Idonea per abbigliamento ed inserti.
;No;6849;Handy Viola Viola Grammi 200;P.ta r2595202;0;Cofil S.R.L.;;Rocca di Cotone con inserti lurex. Composizione 41% Cotone 36% Acrilico 18%Poliammide 5%Poliestere. Peso grammi 200 lunghezza Metri 1340 ca. Consigliati:Ferri 2 Uncinetto 1.50-2.00. Idonea per abbigliamento ed inserti.
;No; 10760;Kigo Cipria Oro Gr 250;P.ta R0379001;180;Cofil S.R.L.;BK-1+2;Fettuccia in rocca con effetto laminato. Composizione 63% Cotone 33% Poliestere 4%Fibra metallica. Peso grammi 250 Lunghezza Metri 450 ca. Consigliati Ferri 6-8 Uncinetto 5-7.
;No;p6cb0rjx;King Beige fettuccia misto cotone Gr 250;P.ta T1393001;0;Cofil S.R.L.;;Fettuccia in rocca Tinta Unita. Composizione 60% Cotone 40%Acrilico. Peso grammi 250 Lunghezza Metri 500 ca. Consigliati Ferri 6-8  Uncinetto 5-7.
;No;s0vkkqdt;King Bianco fettuccia misto cotone Gr 250;P.ta T1220003;172;Cofil S.R.L.;BJ-1;Fettuccia in rocca Tinta Unita. Composizione 60% Cotone 40%Acrilico. Peso grammi 250 Lunghezza Metri 500 ca. Consigliati Ferri 6-8  Uncinetto 5-7.
;No;6780;King Blu fettuccia misto cotone Gr 250;P.ta  t0642602;0;Cofil S.R.L.;;Fettuccia in rocca Tinta Unita. Composizione 60% Cotone 40%Acrilico. Peso grammi 250 Lunghezza Metri 500 ca. Consigliati Ferri 6-8  Uncinetto 5-7. [P.ta t0642602]
;No;6784;King Bluette fettuccia misto cotone Gr 250;P.ta T1033901;0;Cofil S.R.L.;;Fettuccia in rocca Tinta Unita. Composizione 60% Cotone 40%Acrilico. Peso grammi 250 Lunghezza Metri 500 ca. Consigliati Ferri 6-8  Uncinetto 5-7. [P.ta T1033901]
;No;54gxaj61;King Bordeaux fettuccia misto cotone Gr 250;P.ta T0995402;0;Cofil S.R.L.;;Fettuccia in rocca Tinta Unita. Composizione 60% Cotone 40%Acrilico. Peso grammi 250 Lunghezza Metri 500 ca. Consigliati Ferri 6-8  Uncinetto 5-7.
;No;sv1m5gtc;King Celeste fettuccia misto cotone Gr 250;P.ta 0942904;0;Cofil S.R.L.;;Fettuccia in rocca Tinta Unita. Composizione 60% Cotone 40%Acrilico. Peso grammi 250 Lunghezza Metri 500 ca. Consigliati Ferri 6-8  Uncinetto 5-7. [P.ta 0942904]
;No;51lilxpc;King Ciliegia fettuccia misto cotone Gr 250;P.ta T1220005;172;Cofil S.R.L.;BJ-2;Fettuccia in rocca Tinta Unita. Composizione 60% Cotone 40%Acrilico. Peso grammi 250 Lunghezza Metri 500 ca. Consigliati Ferri 6-8  Uncinetto 5-7.
;No;6783;King Cipria fettuccia misto cotone Gr 250;P.ta T1220004;170;Cofil S.R.L.;BJ-3;Fettuccia in rocca Tinta Unita. Composizione 60% Cotone 40%Acrilico. Peso grammi 250 Lunghezza Metri 500 ca. Consigliati Ferri 6-8  Uncinetto 5-7.
;No;5z96hh1k;King Corallo fettuccia misto cotone Gr 250;P.ta T1220001;176;Cofil S.R.L.;BJ-4;Fettuccia in rocca Tinta Unita. Composizione 60% Cotone 40%Acrilico. Peso grammi 250 Lunghezza Metri 500 ca. Consigliati Ferri 6-8  Uncinetto 5-7.
;No;dd0c7ehp;King Crema fettuccia misto cotone Gr 250;P.ta 189077;0;Cofil S.R.L.;;Fettuccia in rocca Tinta Unita. Composizione 60% Cotone 40%Acrilico. Peso grammi 250 Lunghezza Metri 500 ca. Consigliati Ferri 6-8  Uncinetto 5-7. [P.ta 189077]
;No; 23112010;King Ecrù fettuccia misto cotone Gr 250;P.ta R1329001;0;Cofil S.R.L.;;Fettuccia in rocca Tinta Unita. Composizione 60% Cotone 40%Acrilico. Peso grammi 250 Lunghezza Metri 500 ca. Consigliati Ferri 6-8  Uncinetto 5-7. P.ta R1852001
;No;6789;King Fuxia fettuccia misto cotone Gr 250;P.ta R1852001;0;Cofil S.R.L.;;Fettuccia in rocca Tinta Unita. Composizione 60% Cotone 40%Acrilico. Peso grammi 250 Lunghezza Metri 500 ca. Consigliati Ferri 6-8  Uncinetto 5-7. P.ta R1852001
;No;6785;King Glicine fettuccia misto cotone Gr 250;P.ta T1094101;0;Cofil S.R.L.;;Fettuccia in rocca Tinta Unita. Composizione 60% Cotone 40%Acrilico. Peso grammi 250 Lunghezza Metri 500 ca. Consigliati Ferri 6-8  Uncinetto 5-7. [P.ta T1094101]
;No;10772;King Militare fettuccia misto cotone Gr 250;P.ta T1220001;172;Cofil S.R.L.;BJ-5;Fettuccia in rocca Tinta Unita. Composizione 60% Cotone 40%Acrilico. Peso grammi 250 Lunghezza Metri 500 ca. Consigliati Ferri 6-8  Uncinetto 5-7.
;No;8xs9sgfh;King Nero fettuccia misto cotone Gr 250;[P.ta T1099402];0;Cofil S.R.L.;;Fettuccia in rocca Tinta Unita. Composizione 60% Cotone 40%Acrilico. Peso grammi 250 Lunghezza Metri 500 ca. Consigliati Ferri 6-8  Uncinetto 5-7. P.ta T1099402
;No;i16uzzi2;King Panna fettuccia misto cotone Gr 250;P.ta T570201;374;Cofil S.R.L.;BJ-5;Fettuccia in rocca Tinta Unita. Composizione 60% Cotone 40%Acrilico. Peso grammi 250 Lunghezza Metri 500 ca. Consigliati Ferri 6-8  Uncinetto 5-7.
;No;6758;King Perla fettuccia misto cotone Gr 250;P.ta T0805901;0;Cofil S.R.L.;;Fettuccia in rocca Tinta Unita. Composizione 60% Cotone 40%Acrilico. Peso grammi 250 Lunghezza Metri 500 ca. Consigliati Ferri 6-8  Uncinetto 5-7.
;No;6782;King Petrolio fettuccia misto cotone Gr 250;P.ta T1220008;156;Cofil S.R.L.;BJ-7;Fettuccia in rocca Tinta Unita. Composizione 60% Cotone 40%Acrilico. Peso grammi 250 Lunghezza Metri 500 ca. Consigliati Ferri 6-8  Uncinetto 5-7.
;No;lor62u6s;King Rosa fettuccia misto cotone Gr 250;P.ta T1220006;173;Cofil S.R.L.;BJ-8;Fettuccia in rocca Tinta Unita. Composizione 60% Cotone 40%Acrilico. Peso grammi 250 Lunghezza Metri 500 ca. Consigliati Ferri 6-8  Uncinetto 5-7.
;No;wlmuwphm;King Ruggine fettuccia misto cotone Gr 250;P.ta 0620301;0;Cofil S.R.L.;;Fettuccia in rocca Tinta Unita. Composizione 60% Cotone 40%Acrilico. Peso grammi 250 Lunghezza Metri 500 ca. Consigliati Ferri 6-8  Uncinetto 5-7. [P.ta 0620301]
;No;niqjr617;King Senape fettuccia misto cotone Gr 250;P.ta T1220009;186;Cofil S.R.L.;BJ-9;Fettuccia in rocca Tinta Unita. Composizione 60% Cotone 40%Acrilico. Peso grammi 250 Lunghezza Metri 500 ca. Consigliati Ferri 6-8  Uncinetto 5-7.
;No;6781;King Tiffany fettuccia misto cotone Gr 250;Pta T1033902;0;Cofil S.R.L.;;Fettuccia in rocca Tinta Unita. Composizione 60% Cotone 40%Acrilico. Peso grammi 250 Lunghezza Metri 500 ca. Consigliati Ferri 6-8  Uncinetto 5-7. [P.ta T0716501]
;No;vne8zr8z;King Turchese fettuccia misto cotone Gr 250;P.ta T0995405;0;Cofil S.R.L.;;Fettuccia in rocca Tinta Unita. Composizione 60% Cotone 40%Acrilico. Peso grammi 250 Lunghezza Metri 500 ca. Consigliati Ferri 6-8  Uncinetto 5-7. [P.ta T0995405]
;No;6786;King Viola fettuccia misto cotone Gr 250;P.ta  T1220007;173;Cofil S.R.L.;BJ-10;Fettuccia in rocca Tinta Unita. Composizione 60% Cotone 40%Acrilico. Peso grammi 250 Lunghezza Metri 500 ca. Consigliati Ferri 6-8  Uncinetto 5-7.
;No;p95lij4q;Lamè Argento Gr 100;P.ta 2510;10;ilcat;BL-1;Filato Lamè per inserti o da binare con altri filati.Composizione 50%Poliammide 40%Poliestere 10%Viscosa. La lunghezza del filato è di circa 2000 metri per rocchetto da 100 grammi.
;No;17wzy133;Lamè Bronzo Gr 100;P.ta 3105;0;ilcat;;"Filato Lamè per inserti o da binare con altri filati.Composizione 50%Poliammide 40%Poliestere 10%Viscosa. La lunghezza del filato è di circa 2000 metri per rocchetto da 100 grammi. 
[P.ta 3105]"
;No;vxkb9qe9;Lamè Fuxia Gr 100;P.ta 2805;30;ilcat;BL-2;Filato Lamè per inserti o da binare con altri filati.Composizione 50%Poliammide 40%Poliestere 10%Viscosa. La lunghezza del filato è di circa 2000 metri per rocchetto da 100 grammi.
;No;13662;Lamè Magenta Gr 100;P.ta 2012;0;ilcat;;Filato Lamè per inserti o da binare con altri filati.Composizione 50%Poliammide 40%Poliestere 10%Viscosa. La lunghezza del filato è di circa 2000 metri per rocchetto da 100 grammi.   [P.ta  2012]
;No;zbjex1f3;Lamè Nero Gr 100;P.ta 3005;0;ilcat;;Filato Lamè per inserti o da binare con altri filati.Composizione 50%Poliammide 40%Poliestere 10%Viscosa. La lunghezza del filato è di circa 2000 metri per rocchetto da 100 grammi.
;No;85j1w051;Lamè Oro Gr 100;P.ta 2504;40;ilcat;BL-3;Filato Lamè per inserti o da binare con altri filati.Composizione 50%Poliammide 40%Poliestere 10%Viscosa. La lunghezza del filato è di circa 2000 metri per rocchetto da 100 grammi.
;No;13661;Lamè Prato Gr 100;Pta 2409;30;ilcat;BL-4;Filato Lamè per inserti o da binare con altri filati.Composizione 50%Poliammide 40%Poliestere 10%Viscosa. La lunghezza del filato è di circa 2000 metri per rocchetto da 100 grammi.
;No;s4mvrctw;Lamè Rame Gr 100;P.ta 4110;0;ilcat;;Filato Lamè per inserti o da binare con altri filati.Composizione 50%Poliammide 40%Poliestere 10%Viscosa. La lunghezza del filato è di circa 2000 metri per rocchetto da 100 grammi.  [P.ta  4110]
;No;2d5kwhmg;Lamè Rosso Gr 100;P.ta 2526;18;ilcat;BL-5;Filato Lamè per inserti o da binare con altri filati.Composizione 50%Poliammide 40%Poliestere 10%Viscosa. La lunghezza del filato è di circa 2000 metri per rocchetto da 100 grammi. [P.ta 1605]
;No;7415;Lamè Rosso Oro Gr 100;P.ta 1408;0;ilcat;;Filato Lamè per inserti o da binare con altri filati.Composizione 50%Poliammide 40%Poliestere 10%Viscosa. La lunghezza del filato è di circa 2000 metri per rocchetto da 100 grammi.  [P.ta  1408]
;No;14175;Lamè Rubino Gr 100;p.ta 2023;0;ilcat;;Filato Lamè per inserti o da binare con altri filati.Composizione 50%Poliammide 40%Poliestere 10%Viscosa. La lunghezza del filato è di circa 2000 metri per rocchetto da 100 grammi. [P.ta 2023]
;No;14176;Lamè Ruggine Gr 100;P.ta 170713;0;ilcat;;Filato Lamè per inserti o da binare con altri filati.Composizione 50%Poliammide 40%Poliestere 10%Viscosa. La lunghezza del filato è di circa 2000 metri per rocchetto da 100 grammi. [P.ta  170713]
;No;7550;Lamè Tortora Bronzo gr 100;;0;ilcat;;Filato Lamè per inserti o da binare con altri filati-Composizione 50%Poliammide-40%Poliestere-10%Viscosa-[P.ta  0210]
;No;7687;Lamè Turchese gr 100;P.ta 1405;40;ilcat;BL-6;Filato Lamè per inserti o da binare con altri filati Composizione 50%Poliammide 40%Poliestere 10%Viscosa
;No;7551;Lamè Verde Gr 100;P.ta 2012;30;ilcat;BL-7;Filato Lamè per inserti o da binare con altri filati.Composizione 50%Poliammide 40%Poliestere 10%Viscosa. La lunghezza del filato è di circa 2000 metri per rocchetto da 100 grammi.
;No;7218;Lamè Viola Argento Gr 100;;0;ilcat;;Filato Lamè per inserti o da binare con altri filati.Composizione 50%Poliammide 40%Poliestere 10%Viscosa. La lunghezza del filato è di circa 2000 metri per rocchetto da 100 grammi. [P.ta  1007]
;No;nsvlmoyn;Lamè Viola Gr 100;P.ta 2003;0;ilcat;;Filato Lamè per inserti o da binare con altri filati.Composizione 50%Poliammide 40%Poliestere 10%Viscosa. La lunghezza del filato è di circa 2000 metri per rocchetto da 100 grammi. [P.ta  170713]
;No;0sa3prrq;Lamè Zucca Halloween Gr 100;;0;ilcat;;Filato Lamè per inserti o da binare con altri filati.Composizione 50%Poliammide 40%Poliestere 10%Viscosa. La lunghezza del filato è di circa 2000 metri per rocchetto da 100 grammi.  [P.ta  1201103]
;No;40441;Lennon Blu marine Gr 250;P.ta R2333103;0;Cofil S.R.L.;;Filato in rocca con inserto di micropaillettes. Composizione 69% Cotone 31% Poliestere. Peso 250 grammi Metri 600. Consigliati ferri 5-7 Uncinetto 4-6.
;No;40439;Lennon Cipria Gr 250;P.ta R2592401;0;Cofil S.R.L.;;Filato in rocca con inserto di micropaillettes. Composizione 69% Cotone 31% Poliestere. Peso 250 grammi Metri 600. Consigliati ferri 5-7 Uncinetto 4-6.
;No;40442;Lennon Grigio Gr 250;P.ta R2333105;0;Cofil S.R.L.;;Filato in rocca con inserto di micropaillettes. Composizione 69% Cotone 31% Poliestere. Peso 250 grammi Metri 600. Consigliati ferri 5-7 Uncinetto 4-6.
;No;40440;Lennon Naturale Gr 250;P.ta R2592402;0;Cofil S.R.L.;;Filato in rocca con inserto di micropaillettes. Composizione 69% Cotone 31% Poliestere. Peso 250 grammi Metri 600. Consigliati ferri 5-7 Uncinetto 4-6.
;No;40438;Lennon Nero Gr 250;P.ta R2333104;0;Cofil S.R.L.;;Filato in rocca con inserto di micropaillettes. Composizione 69% Cotone 31% Poliestere. Peso 250 grammi Metri 600. Consigliati ferri 5-7 Uncinetto 4-6.
;No;40443;Lennon Ruggine Gr 250;P.ta R2333106;0;Cofil S.R.L.;;Filato in rocca con inserto di micropaillettes. Composizione 69% Cotone 31% Poliestere. Peso 250 grammi Metri 600. Consigliati ferri 5-7 Uncinetto 4-6.
;No;43187;Marlene Arancio gr 250;P.ta R2385807;152;Cofil S.R.L.;BI-5;Fettuccia in rocca con effetto intrecciata in cotone e filato luminoso. Composizione 62% Cotone 35% Poliestere 3% Metalfiber . Peso grammi 250 Lunghezza Metri 500 ca. Consigliati Ferri 5-7 Uncinetto 3.5-5.
;No;43185;Marlene Beige gr 250;P.ta R2385805;209;Cofil S.R.L.;BI-9;Fettuccia in rocca con effetto intrecciata in cotone e filato luminoso. Composizione 62% Cotone 35% Poliestere 3% Metalfiber . Peso grammi 250 Lunghezza Metri 500 ca. Consigliati Ferri 5-7 Uncinetto 3.5-5.
;No;43183;Marlene Grigio gr 250;P.ta R2385803;219;Cofil S.R.L.;BI-11;Fettuccia in rocca con effetto intrecciata in cotone e filato luminoso. Composizione 62% Cotone 35% Poliestere 3% Metalfiber . Peso grammi 250 Lunghezza Metri 500 ca. Consigliati Ferri 5-7 Uncinetto 3.5-5.
;No;43188;Marlene Magenta gr 250;P.ta R2385808;200;Cofil S.R.L.;BI-13;Fettuccia in rocca con effetto intrecciata in cotone e filato luminoso. Composizione 62% Cotone 35% Poliestere 3% Metalfiber . Peso grammi 250 Lunghezza Metri 500 ca. Consigliati Ferri 5-7 Uncinetto 3.5-5.
;No;43182;Marlene Panna gr 250;P.ta R2385802;218;Cofil S.R.L.;BI-15;Fettuccia in rocca con effetto intrecciata in cotone e filato luminoso. Composizione 62% Cotone 35% Poliestere 3% Metalfiber . Peso grammi 250 Lunghezza Metri 500 ca. Consigliati Ferri 5-7 Uncinetto 3.5-5.
;No;43184;Marlene Verde gr 250;P.ta R2385804;219;Cofil S.R.L.;BH-7;Fettuccia in rocca con effetto intrecciata in cotone e filato luminoso. Composizione 62% Cotone 35% Poliestere 3% Metalfiber . Peso grammi 250 Lunghezza Metri 500 ca. Consigliati Ferri 5-7 Uncinetto 3.5-5.
;No;40433;MarleyCott Glicine Glicine gr 250;P.ta R2448304;197;Cofil S.R.L.;BI-3;Filato in rocca con inserti lurex. Composizione 55% Cotone 20% Poliestere 9% Poliammide 12% fibra metallica, 4% altre fibre. Peso 250 grammi Metri 450. Consigliati ferri 6-8 Uncinetto 5-7
;No;40437;MarleyCott Grigio Argento gr 250;P.ta 2448301/1;0;Cofil S.R.L.;;Filato in rocca con inserti lurex. Composizione 55% Cotone 20% Poliestere 9% Poliammide 12% fibra metallica, 4% altre fibre. Peso 250 grammi Metri 450. Consigliati ferri 6-8 Uncinetto 5-7
;No; 53194;Olly Bordeaux Grammi 200;;60;Giletti S.P.A.;BH-1;Cordino in misto Cotone con aspetto circolare ad effetto opaco e consegnato in rocca da grammi 200 lunghezza mt 40 circa e un diametro di mm 5. Adatto per la realizzazione di borse, cestini, tappeti, creazioni home decor e per il macramè. Gli strumenti consigliati per lavorare il cordino Olly sono uncinetti 9-10+. Il cordino Olly è 100% Made in Italy ideato prodotto e distribuito in esclusiva da Tessiland.
;No;250197;Olly Celeste Grammi 200;;60;Giletti S.P.A.;BH-1;Cordino in misto Cotone con aspetto circolare ad effetto opaco e consegnato in rocca da grammi 200 lunghezza mt 40 circa e un diametro di mm 5. Adatto per la realizzazione di borse, cestini, tappeti, creazioni home decor e per il macramè. Gli strumenti consigliati per lavorare il cordino Olly sono uncinetti 9-10+. Il cordino Olly è 100% Made in Italy ideato prodotto e distribuito in esclusiva da Tessiland.
;No; 250196;Olly Lilla Grammi 200;;60;Giletti S.P.A.;BH-2;Cordino in misto Cotone con aspetto circolare ad effetto opaco e consegnato in rocca da grammi 200 lunghezza mt 40 circa e un diametro di mm 5. Adatto per la realizzazione di borse, cestini, tappeti, creazioni home decor e per il macramè. Gli strumenti consigliati per lavorare il cordino Olly sono uncinetti 9-10+. Il cordino Olly è 100% Made in Italy ideato prodotto e distribuito in esclusiva da Tessiland.
;No;53195;Olly Marrone Grammi 200;;60;Giletti S.P.A.;BH-2;Cordino in misto Cotone con aspetto circolare ad effetto opaco e consegnato in rocca da grammi 200 lunghezza mt 40 circa e un diametro di mm 5. Adatto per la realizzazione di borse, cestini, tappeti, creazioni home decor e per il macramè. Gli strumenti consigliati per lavorare il cordino Olly sono uncinetti 9-10+. Il cordino Olly è 100% Made in Italy ideato prodotto e distribuito in esclusiva da Tessiland.
;No;53196;Olly Militare Grammi 200;;60;Giletti S.P.A.;BH-3;Cordino in misto Cotone con aspetto circolare ad effetto opaco e consegnato in rocca da grammi 200 lunghezza mt 40 circa e un diametro di mm 5. Adatto per la realizzazione di borse, cestini, tappeti, creazioni home decor e per il macramè. Gli strumenti consigliati per lavorare il cordino Olly sono uncinetti 9-10+. Il cordino Olly è 100% Made in Italy ideato prodotto e distribuito in esclusiva da Tessiland.
;No; 53197;Olly Nero Grammi 200;;60;Giletti S.P.A.;BH-3;Cordino in misto Cotone con aspetto circolare ad effetto opaco e consegnato in rocca da grammi 200 lunghezza mt 40 circa e un diametro di mm 5. Adatto per la realizzazione di borse, cestini, tappeti, creazioni home decor e per il macramè. Gli strumenti consigliati per lavorare il cordino Olly sono uncinetti 9-10+. Il cordino Olly è 100% Made in Italy ideato prodotto e distribuito in esclusiva da Tessiland.
;No; 53198;Olly Panna Grammi 200;;60;Giletti S.P.A.;BH-4;Cordino in misto Cotone con aspetto circolare ad effetto opaco e consegnato in rocca da grammi 200 lunghezza mt 40 circa e un diametro di mm 5. Adatto per la realizzazione di borse, cestini, tappeti, creazioni home decor e per il macramè. Gli strumenti consigliati per lavorare il cordino Olly sono uncinetti 9-10+. Il cordino Olly è 100% Made in Italy ideato prodotto e distribuito in esclusiva da Tessiland.
;No;53199;Olly Perla Grammi 200;;60;Giletti S.P.A.;BH-4;Cordino in misto Cotone con aspetto circolare ad effetto opaco e consegnato in rocca da grammi 200 lunghezza mt 40 circa e un diametro di mm 5. Adatto per la realizzazione di borse, cestini, tappeti, creazioni home decor e per il macramè. Gli strumenti consigliati per lavorare il cordino Olly sono uncinetti 9-10+. Il cordino Olly è 100% Made in Italy ideato prodotto e distribuito in esclusiva da Tessiland.
;No;53200;Olly Petrolio Grammi 200;;60;Giletti S.P.A.;BH-5;Cordino in misto Cotone con aspetto circolare ad effetto opaco e consegnato in rocca da grammi 200 lunghezza mt 40 circa e un diametro di mm 5. Adatto per la realizzazione di borse, cestini, tappeti, creazioni home decor e per il macramè. Gli strumenti consigliati per lavorare il cordino Olly sono uncinetti 9-10+. Il cordino Olly è 100% Made in Italy ideato prodotto e distribuito in esclusiva da Tessiland.
;No; 250195;Olly Rosa Grammi 200;;60;Giletti S.P.A.;BH-5;Cordino in misto Cotone con aspetto circolare ad effetto opaco e consegnato in rocca da grammi 200 lunghezza mt 40 circa e un diametro di mm 5. Adatto per la realizzazione di borse, cestini, tappeti, creazioni home decor e per il macramè. Gli strumenti consigliati per lavorare il cordino Olly sono uncinetti 9-10+. Il cordino Olly è 100% Made in Italy ideato prodotto e distribuito in esclusiva da Tessiland.
;No;53201;Olly Sabbia Grammi 200;;30;Giletti S.P.A.;BH-6;Cordino in misto Cotone con aspetto circolare ad effetto opaco e consegnato in rocca da grammi 200 lunghezza mt 40 circa e un diametro di mm 5. Adatto per la realizzazione di borse, cestini, tappeti, creazioni home decor e per il macramè. Gli strumenti consigliati per lavorare il cordino Olly sono uncinetti 9-10+. Il cordino Olly è 100% Made in Italy ideato prodotto e distribuito in esclusiva da Tessiland.
;No;250198;Olly Salvia Grammi 200;;60;Giletti S.P.A.;BH-6;Cordino in misto Cotone con aspetto circolare ad effetto opaco e consegnato in rocca da grammi 200 lunghezza mt 40 circa e un diametro di mm 5. Adatto per la realizzazione di borse, cestini, tappeti, creazioni home decor e per il macramè. Gli strumenti consigliati per lavorare il cordino Olly sono uncinetti 9-10+. Il cordino Olly è 100% Made in Italy ideato prodotto e distribuito in esclusiva da Tessiland.
;No;12325;Patsy Naked colore Argento gr 100;P.ta 7016V;0;Cofil S.R.L.;;"Filato Micropaillettes in rocca Composizione 100%Poliestere. Peso 100 gr Lunghezza 780 mt
Consigliati ferri n.3/5-Uncinetto 2,5-4,00,
Studiato come filo da abbinamento ad altri filati dalla resa davvero lunghissima."
;No;12323;Patsy Naked colore Avio gr 100;P.ta 7016V;0;Cofil S.R.L.;;"Filato Micropaillettes in rocca Composizione 100%Poliestere. Peso 100 gr Lunghezza 780 mt
Consigliati ferri n.3/5-Uncinetto 2,5-4,00,
Studiato come filo da abbinamento ad altri filati dalla resa davvero lunghissima."
;No; 12318;Patsy Naked colore Beige Oro gr 100;P.ta 2050V;0;Cofil S.R.L.;;"Filato Micropaillettes in rocca Composizione 100%Poliestere. Peso 100 gr Lunghezza 780 mt
Consigliati ferri n.3/5-Uncinetto 2,5-4,00,
Studiato come filo da abbinamento ad altri filati dalla resa davvero lunghissima."
;No; 12324;Patsy Naked colore Blu gr 100;P.ta 9101V;0;Cofil S.R.L.;;"Filato Micropaillettes in rocca Composizione 100%Poliestere. Peso 100 gr Lunghezza 780 mt
Consigliati ferri n.3/5-Uncinetto 2,5-4,00,
Studiato come filo da abbinamento ad altri filati dalla resa davvero lunghissima."
;No;12322;Patsy Naked colore Bordeaux gr 100;P.ta 7606V;0;Cofil S.R.L.;;"Filato Micropaillettes in rocca Composizione 100%Poliestere. Peso 100 gr Lunghezza 780 mt
Consigliati ferri n.3/5-Uncinetto 2,5-4,00,
Studiato come filo da abbinamento ad altri filati dalla resa davvero lunghissima."
;No;12326;Patsy Naked colore Candido gr 100;P.ta 1201V;0;Cofil S.R.L.;;"Filato Micropaillettes in rocca Composizione 100%Poliestere. Peso 100 gr Lunghezza 780 mt
Consigliati ferri n.3/5-Uncinetto 2,5-4,00,
Studiato come filo da abbinamento ad altri filati dalla resa davvero lunghissima."
;No;12320;Patsy Naked colore Nero gr 100;P.ta 6001V;0;Cofil S.R.L.;;"Filato Micropaillettes in rocca Composizione 100%Poliestere. Peso 100 gr Lunghezza 780 mt
Consigliati ferri n.3/5-Uncinetto 2,5-4,00,
Studiato come filo da abbinamento ad altri filati dalla resa davvero lunghissima."
;No;12321;Patsy Naked colore Rosa Antico gr 100;P.ta 1000V;0;Cofil S.R.L.;;"Filato Micropaillettes in rocca Composizione 100%Poliestere. Peso 100 gr Lunghezza 780 mt
Consigliati ferri n.3/5-Uncinetto 2,5-4,00,
Studiato come filo da abbinamento ad altri filati dalla resa davvero lunghissima."
;No; 12332;Patsy Naked colore Rosso gr 100;P.ta 89301;0;Cofil S.R.L.;;"Filato Micropaillettes in rocca Composizione 100%Poliestere. Peso 100 gr Lunghezza 780 mt
Consigliati ferri n.3/5-Uncinetto 2,5-4,00,
Studiato come filo da abbinamento ad altri filati dalla resa davvero lunghissima."
;No;9914;Rowen Acido Grammi 200;P.ta R2390904;185;Cofil S.R.L.;BI-5;Cordino lucido per borse e gioielli. Composizione 60%Cotone 40% poliestere Consigliati ferri 3-4 Uncinetto 2-3. Consegnato in Rocca Peso Grammi 200 Lunghezza metri 250 ca diametro mm1,4 ca Prodotto 100% Made in ITALY
;No;9896;Rowen Acqua Grammi 200;P.ta R1889805;0;Cofil S.R.L.;;Cordino lucido per borse e gioielli. Composizione 60%Cotone 40% poliestere Consigliati ferri 3-4 Uncinetto 2-3. Consegnato in Rocca Peso Grammi 200 Lunghezza metri 250 ca diametro mm1,4 ca Prodotto 100% Made in ITALY
;No;9906;Rowen Amarena Grammi 200;P.ta 9204;0;Cofil S.R.L.;;Cordino lucido per borse e gioielli. Composizione 60%Cotone 40% poliestere Consigliati ferri 3-4 Uncinetto 2-3. Consegnato in Rocca Peso Grammi 200 Lunghezza metri 250 ca diametro mm1,4 ca Prodotto 100% Made in ITALY
;No;9912;Rowen Arancio Grammi 200;[P.ta R1890003];0;Cofil S.R.L.;;Cordino lucido per borse e gioielli. Composizione 60%Cotone 40% poliestere Consigliati ferri 3-4 Uncinetto 2-3. Consegnato in Rocca Peso Grammi 200 Lunghezza metri 250 ca diametro mm1,4 ca Prodotto 100% Made in ITALY
;No;9905;Rowen Azzurro Grammi 200;P.ta 1809006;0;Cofil S.R.L.;;Cordino lucido per borse e gioielli. Composizione 60%Cotone 40% poliestere Consigliati ferri 3-4 Uncinetto 2-3. Consegnato in Rocca Peso Grammi 200 Lunghezza metri 250 ca diametro mm1,4 ca Prodotto 100% Made in ITALY
;No;9880;Rowen Bianco Grammi 200;P.ta R1889801;0;Cofil S.R.L.;;Cordino lucido per borse e gioielli. Composizione 60%Cotone 40% poliestere Consigliati ferri 3-4 Uncinetto 2-3. Consegnato in Rocca Peso Grammi 200 Lunghezza metri 250 ca diametro mm1,4 ca Prodotto 100% Made in ITALY
;No;9892;Rowen Cipria Grammi 200;P.ta R2762803;0;Cofil S.R.L.;;Cordino lucido per borse e gioielli. Composizione 60%Cotone 40% poliestere Consigliati ferri 3-4 Uncinetto 2-3. Consegnato in Rocca Peso Grammi 200 Lunghezza metri 250 ca diametro mm1,4 ca Prodotto 100% Made in ITALY
;No;9902;Rowen Crema Grammi 200;P.ta R2442803;160;Cofil S.R.L.;BI-1;Cordino lucido per borse e gioielli. Composizione 60%Cotone 40% poliestere Consigliati ferri 3-4 Uncinetto 2-3. Consegnato in Rocca Peso Grammi 200 Lunghezza metri 250 ca diametro mm1,4 ca Prodotto 100% Made in ITALY
;No;9907;Rowen Fuxia Grammi 200;P.ta R1889901;0;Cofil S.R.L.;;Cordino lucido per borse e gioielli. Composizione 60%Cotone 40% poliestere Consigliati ferri 3-4 Uncinetto 2-3. Consegnato in Rocca Peso Grammi 200 Lunghezza metri 250 ca diametro mm1,4 ca Prodotto 100% Made in ITALY
;No;9908;Rowen Glicine Grammi 200;P.ta r1890008;0;Cofil S.R.L.;;Cordino lucido per borse e gioielli. Composizione 60%Cotone 40% poliestere Consigliati ferri 3-4 Uncinetto 2-3. Consegnato in Rocca Peso Grammi 200 Lunghezza metri 250 ca diametro mm1,4 ca Prodotto 100% Made in ITALY
;No;9911;Rowen Militare Grammi 200;[P.ta R1889804];0;Cofil S.R.L.;;Cordino lucido per borse e gioielli. Composizione 60%Cotone 40% poliestere Consigliati ferri 3-4 Uncinetto 2-3. Consegnato in Rocca Peso Grammi 200 Lunghezza metri 250 ca diametro mm1,4 ca Prodotto 100% Made in ITALY
;No;9899;Rowen Naturale Grammi 200;P.ta R2598303;0;Cofil S.R.L.;;Cordino lucido per borse e gioielli. Composizione 60%Cotone 40% poliestere Consigliati ferri 3-4 Uncinetto 2-3. Consegnato in Rocca Peso Grammi 200 Lunghezza metri 250 ca diametro mm1,4 ca Prodotto 100% Made in ITALY
;No;9901;Rowen Nero Grammi 200;P.ta R2598303;0;Cofil S.R.L.;;Cordino lucido per borse e gioielli. Composizione 60%Cotone 40% poliestere Consigliati ferri 3-4 Uncinetto 2-3. Consegnato in Rocca Peso Grammi 200 Lunghezza metri 250 ca diametro mm1,4 ca Prodotto 100% Made in ITALY
;No;9910;Rowen Notte Grammi 200;[P.ta r1890005];0;Cofil S.R.L.;;Cordino lucido per borse e gioielli. Composizione 60%Cotone 40% poliestere Consigliati ferri 3-4 Uncinetto 2-3. Consegnato in Rocca Peso Grammi 200 Lunghezza metri 250 ca diametro mm1,4 ca Prodotto 100% Made in ITALY
;No;9913;Rowen Oro Grammi 200;P.ta R2762802;0;Cofil S.R.L.;;Cordino lucido per borse e gioielli. Composizione 60%Cotone 40% poliestere Consigliati ferri 3-4 Uncinetto 2-3. Consegnato in Rocca Peso Grammi 200 Lunghezza metri 250 ca diametro mm1,4 ca Prodotto 100% Made in ITALY
;No;9898;Rowen Perla Grammi 200;[P.ta R2206302];0;Cofil S.R.L.;;Cordino lucido per borse e gioielli. Composizione 60%Cotone 40% poliestere Consigliati ferri 3-4 Uncinetto 2-3. Consegnato in Rocca Peso Grammi 200 Lunghezza metri 250 ca diametro mm1,4 ca Prodotto 100% Made in ITALY
;No;9890;Rowen Pesca Grammi 200;P.ta R2598302;0;Cofil S.R.L.;;Cordino lucido per borse e gioielli. Composizione 60%Cotone 40% poliestere Consigliati ferri 3-4 Uncinetto 2-3. Consegnato in Rocca Peso Grammi 200 Lunghezza metri 250 ca diametro mm1,4 ca Prodotto 100% Made in ITALY
;No;9895;Rowen Prato Grammi 200;P.ta 1809201;0;Cofil S.R.L.;;Cordino lucido per borse e gioielli. Composizione 60%Cotone 40% poliestere Consigliati ferri 3-4 Uncinetto 2-3. Consegnato in Rocca Peso Grammi 200 Lunghezza metri 250 ca diametro mm1,4 ca Prodotto 100% Made in ITALY
;No;9900;Rowen Rame Grammi 200;P.ta R2762801;0;Cofil S.R.L.;;Cordino lucido per borse e gioielli. Composizione 60%Cotone 40% poliestere Consigliati ferri 3-4 Uncinetto 2-3. Consegnato in Rocca Peso Grammi 200 Lunghezza metri 250 ca diametro mm1,4 ca Prodotto 100% Made in ITALY
;No;9904;Rowen Rosa Grammi 200;P.ta R2442801;150;Cofil S.R.L.;BI-2;Cordino lucido per borse e gioielli. Composizione 60%Cotone 40% poliestere Consigliati ferri 3-4 Uncinetto 2-3. Consegnato in Rocca Peso Grammi 200 Lunghezza metri 250 ca diametro mm1,4 ca Prodotto 100% Made in ITALY
;No;9909;Rowen Rosso Grammi 200;[P.ta r1809201];0;Cofil S.R.L.;;Cordino lucido per borse e gioielli. Composizione 60%Cotone 40% poliestere Consigliati ferri 3-4 Uncinetto 2-3. Consegnato in Rocca Peso Grammi 200 Lunghezza metri 250 ca diametro mm1,4 ca Prodotto 100% Made in ITALY
;No;9891;Rowen Royal Grammi 200;[P.ta R1830002];0;Cofil S.R.L.;;Cordino lucido per borse e gioielli. Composizione 60%Cotone 40% poliestere Consigliati ferri 3-4 Uncinetto 2-3. Consegnato in Rocca Peso Grammi 200 Lunghezza metri 250 ca diametro mm1,4 ca Prodotto 100% Made in ITALY
;No;9903;Rowen Smeraldo Grammi 200;P.ta R1889806;152;Cofil S.R.L.;BI-6;Cordino lucido per borse e gioielli. Composizione 60%Cotone 40% poliestere Consigliati ferri 3-4 Uncinetto 2-3. Consegnato in Rocca Peso Grammi 200 Lunghezza metri 250 ca diametro mm1,4 ca Prodotto 100% Made in ITALY
;No;9893;Rowen Verde Grammi 200;P.ta 1889907;0;Cofil S.R.L.;;Cordino lucido per borse e gioielli. Composizione 60%Cotone 40% poliestere Consigliati ferri 3-4 Uncinetto 2-3. Consegnato in Rocca Peso Grammi 200 Lunghezza metri 250 ca diametro mm1,4 ca Prodotto 100% Made in ITALY
;No;9473;SuperThai Avio Grammi 200;P.ta 02;120;Filsaronno Srl;BC-1;Cordino Italiano Super Thai Poliestere e Poliammide. Il massimo del comfort nella lavorazione delle borse. Formato rocca da 200 grammi per una lunghezza di 120 metri ca con un diametro di mm 3 ca. Consigliato uncinetto 4 - 5.  Il cordino Super Thai è 100% Made in Italy ideato prodotto e distribuito in esclusiva da Tessiland.
;No;9486;SuperThai Azzurro Grammi 200;P.ta 2;120;Filsaronno Srl;BC-2;Cordino Italiano Super Thai Poliestere e Poliammide. Il massimo del comfort nella lavorazione delle borse. Formato rocca da 200 grammi per una lunghezza di 120 metri ca con un diametro di mm 3 ca. Consigliato uncinetto 4 - 5.  Il cordino Super Thai è 100% Made in Italy ideato prodotto e distribuito in esclusiva da Tessiland.
;No;9482;SuperThai Beige Grammi 200;P.ta 02;120;Filsaronno Srl;BC-3;Cordino Italiano Super Thai Poliestere e Poliammide. Il massimo del comfort nella lavorazione delle borse. Formato rocca da 200 grammi per una lunghezza di 120 metri ca con un diametro di mm 3 ca. Consigliato uncinetto 4 - 5.  Il cordino Super Thai è 100% Made in Italy ideato prodotto e distribuito in esclusiva da Tessiland.
;No;9462;SuperThai Bianco Grammi 200;P.ta 02;90;Filsaronno Srl;BC-4;Cordino Italiano Super Thai Poliestere e Poliammide. Il massimo del comfort nella lavorazione delle borse. Formato rocca da 200 grammi per una lunghezza di 120 metri ca con un diametro di mm 3 ca. Consigliato uncinetto 4 - 5.  Il cordino Super Thai è 100% Made in Italy ideato prodotto e distribuito in esclusiva da Tessiland.
;No;9472;SuperThai Blu Grammi 200;P.ta 02;60;Filsaronno Srl;BC-5;Cordino Italiano Super Thai Poliestere e Poliammide. Il massimo del comfort nella lavorazione delle borse. Formato rocca da 200 grammi per una lunghezza di 120 metri ca con un diametro di mm 3 ca. Consigliato uncinetto 4 - 5.  Il cordino Super Thai è 100% Made in Italy ideato prodotto e distribuito in esclusiva da Tessiland.
;No;9470;SuperThai Bordeaux Grammi 200;P.ta 03;120;Filsaronno Srl;BC-6;Cordino Italiano Super Thai Poliestere e Poliammide. Il massimo del comfort nella lavorazione delle borse. Formato rocca da 200 grammi per una lunghezza di 120 metri ca con un diametro di mm 3 ca. Consigliato uncinetto 4 - 5.  Il cordino Super Thai è 100% Made in Italy ideato prodotto e distribuito in esclusiva da Tessiland.
;No;9484;SuperThai Caffè Grammi 200;P.ta 02;120;Filsaronno Srl;BC-7;Cordino Italiano Super Thai Poliestere e Poliammide. Il massimo del comfort nella lavorazione delle borse. Formato rocca da 200 grammi per una lunghezza di 120 metri ca con un diametro di mm 3 ca. Consigliato uncinetto 4 - 5.  Il cordino Super Thai è 100% Made in Italy ideato prodotto e distribuito in esclusiva da Tessiland.
;No;9474;SuperThai Cipria Grammi 200;P.ta 2;90;Filsaronno Srl;BC-8;Cordino Italiano Super Thai Poliestere e Poliammide. Il massimo del comfort nella lavorazione delle borse. Formato rocca da 200 grammi per una lunghezza di 120 metri ca con un diametro di mm 3 ca. Consigliato uncinetto 4 - 5.  Il cordino Super Thai è 100% Made in Italy ideato prodotto e distribuito in esclusiva da Tessiland.
;No;9467;SuperThai Giada Grammi 200;P.ta 02;90;Filsaronno Srl;BC-9;Cordino Italiano Super Thai Poliestere e Poliammide. Il massimo del comfort nella lavorazione delle borse. Formato rocca da 200 grammi per una lunghezza di 120 metri ca con un diametro di mm 3 ca. Consigliato uncinetto 4 - 5.  Il cordino Super Thai è 100% Made in Italy ideato prodotto e distribuito in esclusiva da Tessiland.
;No;9480;SuperThai Glicine Grammi 200;P.ta 2;90;Filsaronno Srl;BC-9;Cordino Italiano Super Thai Poliestere e Poliammide. Il massimo del comfort nella lavorazione delle borse. Formato rocca da 200 grammi per una lunghezza di 120 metri ca con un diametro di mm 3 ca. Consigliato uncinetto 4 - 5.  Il cordino Super Thai è 100% Made in Italy ideato prodotto e distribuito in esclusiva da Tessiland.
;No;9479;SuperThai Grigio Grammi 200;P.ta 02;90;Filsaronno Srl;BC-10;"Cordino Italiano Super Thai Poliestere e Poliammide. Il massimo del comfort nella lavorazione delle borse. Formato rocca da 200 grammi per una lunghezza di 120 metri ca con un diametro di mm 3 ca. Consigliato uncinetto 4 - 5.  Il cordino Super Thai è 100% Made in Italy ideato prodotto e distribuito in esclusiva da Tessiland.
[P.ta 02]"
;No;9485;SuperThai Malva Grammi 200;P.ta 02;60;Filsaronno Srl;BC-10;Cordino Italiano Super Thai Poliestere e Poliammide. Il massimo del comfort nella lavorazione delle borse. Formato rocca da 200 grammi per una lunghezza di 120 metri ca con un diametro di mm 3 ca. Consigliato uncinetto 4 - 5.  Il cordino Super Thai è 100% Made in Italy ideato prodotto e distribuito in esclusiva da Tessiland.
;No;9483;SuperThai Mango Grammi 200;P.ta 02;60;Filsaronno Srl;BC-11;Cordino Italiano Super Thai Poliestere e Poliammide. Il massimo del comfort nella lavorazione delle borse. Formato rocca da 200 grammi per una lunghezza di 120 metri ca con un diametro di mm 3 ca. Consigliato uncinetto 4 - 5.  Il cordino Super Thai è 100% Made in Italy ideato prodotto e distribuito in esclusiva da Tessiland.
;No;9477;SuperThai Nero Grammi 200;P.ta 2;30;Filsaronno Srl;BC-12;Cordino Italiano Super Thai Poliestere e Poliammide. Il massimo del comfort nella lavorazione delle borse. Formato rocca da 200 grammi per una lunghezza di 120 metri ca con un diametro di mm 3 ca. Consigliato uncinetto 4 - 5.  Il cordino Super Thai è 100% Made in Italy ideato prodotto e distribuito in esclusiva da Tessiland.
;No;9481;SuperThai Panna Grammi 200;P.ta 02;90;Filsaronno Srl;BC-13;Cordino Italiano Super Thai Poliestere e Poliammide. Il massimo del comfort nella lavorazione delle borse. Formato rocca da 200 grammi per una lunghezza di 120 metri ca con un diametro di mm 3 ca. Consigliato uncinetto 4 - 5.  Il cordino Super Thai è 100% Made in Italy ideato prodotto e distribuito in esclusiva da Tessiland.
;No;9471;SuperThai Perla Grammi 200;P.ta 02;120;Filsaronno Srl;BC-14;Cordino Italiano Super Thai Poliestere e Poliammide. Il massimo del comfort nella lavorazione delle borse. Formato rocca da 200 grammi per una lunghezza di 120 metri ca con un diametro di mm 3 ca. Consigliato uncinetto 4 - 5.  Il cordino Super Thai è 100% Made in Italy ideato prodotto e distribuito in esclusiva da Tessiland.
;No;9469;SuperThai Rame Grammi 200;P.ta 03;60;Filsaronno Srl;BC-14;Cordino Italiano Super Thai Poliestere e Poliammide. Il massimo del comfort nella lavorazione delle borse. Formato rocca da 200 grammi per una lunghezza di 120 metri ca con un diametro di mm 3 ca. Consigliato uncinetto 4 - 5.  Il cordino Super Thai è 100% Made in Italy ideato prodotto e distribuito in esclusiva da Tessiland.
;No;9468;SuperThai Rosso Grammi 200;P.ta 02;90;Filsaronno Srl;BC-15;Cordino Italiano Super Thai Poliestere e Poliammide. Il massimo del comfort nella lavorazione delle borse. Formato rocca da 200 grammi per una lunghezza di 120 metri ca con un diametro di mm 3 ca. Consigliato uncinetto 4 - 5.  Il cordino Super Thai è 100% Made in Italy ideato prodotto e distribuito in esclusiva da Tessiland.
;No;9476;SuperThai Salvia Grammi 200;P.ta 2;61;Filsaronno Srl;BC-15;Cordino Italiano Super Thai Poliestere e Poliammide. Il massimo del comfort nella lavorazione delle borse. Formato rocca da 200 grammi per una lunghezza di 120 metri ca con un diametro di mm 3 ca. Consigliato uncinetto 4 - 5.  Il cordino Super Thai è 100% Made in Italy ideato prodotto e distribuito in esclusiva da Tessiland.
;No;9478;SuperThai Smeraldo Grammi 200;P.ta 2;111;Filsaronno Srl;BB-15;Cordino Italiano Super Thai Poliestere e Poliammide. Il massimo del comfort nella lavorazione delle borse. Formato rocca da 200 grammi per una lunghezza di 120 metri ca con un diametro di mm 3 ca. Consigliato uncinetto 4 - 5.  Il cordino Super Thai è 100% Made in Italy ideato prodotto e distribuito in esclusiva da Tessiland.
;No;9475;SuperThai Tiffany Grammi 200;P.ta 2;90;Filsaronno Srl;BB-15;Cordino Italiano Super Thai Poliestere e Poliammide. Il massimo del comfort nella lavorazione delle borse. Formato rocca da 200 grammi per una lunghezza di 120 metri ca con un diametro di mm 3 ca. Consigliato uncinetto 4 - 5.  Il cordino Super Thai è 100% Made in Italy ideato prodotto e distribuito in esclusiva da Tessiland.
;No;260130;Thai Aretha Avio;P.ta T1466301;30;Cofil S.R.L. - cordino;AC-19;Cordino 100% Poliammide in rocca da gr 200 mt 90 ca con effetto setato Tubolare larghezza cm 0,4 ca per la realizzazione di Borse ed accessori. Consigliati Uncinetto 4,5-5,5. Thai Aretha è 100% Made in Italy ideato prodotto e distribuito in esclusiva da Tessiland.
;No;250622;Thai Aretha Beige;P.ta T1456501;243;Cofil S.R.L. - cordino;AC-18;Cordino 100% Poliammide in rocca da gr 200 mt 90 ca con effetto setato Tubolare larghezza cm 0,4 ca per la realizzazione di Borse ed accessori. Consigliati Uncinetto 4,5-5,5. Thai Aretha è 100% Made in Italy ideato prodotto e distribuito in esclusiva da Tessiland.
;No;250621;Thai Aretha Bianco;P.ta T1429701/1;0;Cofil S.R.L. - cordino;;Cordino 100% Poliammide in rocca da gr 200 mt 90 ca con effetto setato Tubolare larghezza cm 0,4 ca per la realizzazione di Borse ed accessori. Consigliati Uncinetto 4,5-5,5. Thai Aretha è 100% Made in Italy ideato prodotto e distribuito in esclusiva da Tessiland.
;No;260131;Thai Aretha Militare;P.ta T1464402;30;Cofil S.R.L. - cordino;AC-20;Cordino 100% Poliammide in rocca da gr 200 mt 90 ca con effetto setato Tubolare larghezza cm 0,4 ca per la realizzazione di Borse ed accessori. Consigliati Uncinetto 4,5-5,5. Thai Aretha è 100% Made in Italy ideato prodotto e distribuito in esclusiva da Tessiland.
;No;260132;Thai Aretha Mogano;P.ta T1464401;30;Cofil S.R.L. - cordino;AC-21;Cordino 100% Poliammide in rocca da gr 200 mt 90 ca con effetto setato Tubolare larghezza cm 0,4 ca per la realizzazione di Borse ed accessori. Consigliati Uncinetto 4,5-5,5. Thai Aretha è 100% Made in Italy ideato prodotto e distribuito in esclusiva da Tessiland.
;No;250620;Thai Aretha Nero;P.ta T1435201;358;Cofil S.R.L. - cordino;AC-22-23;Cordino 100% Poliammide in rocca da gr 200 mt 90 ca con effetto setato Tubolare larghezza cm 0,4 ca per la realizzazione di Borse ed accessori. Consigliati Uncinetto 4,5-5,5. Thai Aretha è 100% Made in Italy ideato prodotto e distribuito in esclusiva da Tessiland.
;No;250619;Thai Aretha Rosso;P.ta T1428701;0;Cofil S.R.L. - cordino;;Cordino 100% Poliammide in rocca da gr 200 mt 90 ca con effetto setato Tubolare larghezza cm 0,4 ca per la realizzazione di Borse ed accessori. Consigliati Uncinetto 4,5-5,5. Thai Aretha è 100% Made in Italy ideato prodotto e distribuito in esclusiva da Tessiland.
;No;250618;Thai ArethaLux Azzurro;P.ta T1040301;91;Cofil S.R.L. - cordino;AC-11;Cordino 100% Poliammide in rocca da gr 200 mt 90 ca con aspetto lurex effetto setato Tubolare larghezza cm 0,4 ca per la realizzazione di Borse ed accessori. Consigliati Uncinetto 4,5-5,5. Thai ArethaLux è 100% Made in Italy ideato prodotto e distribuito in esclusiva da Tessiland.
;No;250617;Thai ArethaLux Bordeaux;P.ta T1456601;566;Cofil S.R.L. - cordino;AC-12-14;Cordino 100% Poliammide in rocca da gr 200 mt 90 ca con aspetto lurex effetto setato Tubolare larghezza cm 0,4 ca per la realizzazione di Borse ed accessori. Consigliati Uncinetto 4,5-5,5. Thai ArethaLux è 100% Made in Italy ideato prodotto e distribuito in esclusiva da Tessiland.
;No;250811;Thai ArethaLux Nero;P.ta T1452201;405;Cofil S.R.L. - cordino;AC-15-16;Cordino 100% Poliammide in rocca da gr 200 mt 90 ca con aspetto lurex effetto setato Tubolare larghezza cm 0,4 ca per la realizzazione di Borse ed accessori. Consigliati Uncinetto 4,5-5,5. Thai ArethaLux è 100% Made in Italy ideato prodotto e distribuito in esclusiva da Tessiland.
;No;250616;Thai ArethaLux Perla;P.ta T1436301;101;Cofil S.R.L. - cordino;AC-17;Cordino 100% Poliammide in rocca da gr 200 mt 90 ca con aspetto lurex effetto setato Tubolare larghezza cm 0,4 ca per la realizzazione di Borse ed accessori. Consigliati Uncinetto 4,5-5,5. Thai ArethaLux è 100% Made in Italy ideato prodotto e distribuito in esclusiva da Tessiland.
;No;7887;Thai Lurex Beige Oro Grammi 200;P.ta 2507;180;Filsaronno Srl;AE-7;Cordino Thai con inserti Lurex. Composizione Misti cotone miste Viscose Metal. Le diverse componenti potrebbero portare a differenze di spessore tra i diversi colori. Formato 200 grammi per una lunghezza di Mt.330 ca a rocca. Spessore diametro mm1,8 ca. Consigliati Uncinetto n.3-4.  Il Thai Lurex è 100% Made in Italy ideato prodotto e distribuito in esclusiva da Tessiland.
;No;11477;Thai Lurex Bordeaux Oro Grammi 200;P.ta 2510;150;Filsaronno Srl;AE-8;"Cordino Thai con inserti Lurex. Composizione Misti cotone miste Viscose Metal. Le diverse componenti potrebbero portare a differenze di spessore tra i diversi colori. Formato 200 grammi per una lunghezza di Mt.330 ca a rocca. Spessore diametro mm1,8 ca. Consigliati Uncinetto n.3-4.  Il Thai Lurex è 100% Made in Italy ideato prodotto e distribuito in esclusiva da Tessiland. 
[P.ta 2703]"
;No;14596;Thai Lurex Cipria Argento Grammi 200;P.ta 2004;180;Filsaronno Srl;AE-9;Cordino Thai con inserti Lurex. Composizione Misti cotone miste Viscose Metal. Le diverse componenti potrebbero portare a differenze di spessore tra i diversi colori. Formato 200 grammi per una lunghezza di Mt.330 ca a rocca. Spessore diametro mm1,8 ca. Consigliati Uncinetto n.3-4.  Il Thai Lurex è 100% Made in Italy ideato prodotto e distribuito in esclusiva da Tessiland.
;No;8036;Thai Lurex Cipria Oro Grammi 200;P.ta 2802;150;Filsaronno Srl;AE-10;Cordino Thai con inserti Lurex. Composizione Misti cotone miste Viscose Metal. Le diverse componenti potrebbero portare a differenze di spessore tra i diversi colori. Formato 200 grammi per una lunghezza di Mt.330 ca a rocca. Spessore diametro mm1,8 ca. Consigliati Uncinetto n.3-4.  Il Thai Lurex è 100% Made in Italy ideato prodotto e distribuito in esclusiva da Tessiland.
;No;9244;Thai Lurex Coffee Oro Grammi 200;P.ta 2026;180;Filsaronno Srl;AE-27;Cordino Thai con inserti Lurex. Composizione Misti cotone miste Viscose Metal. Le diverse componenti potrebbero portare a differenze di spessore tra i diversi colori. Formato 200 grammi per una lunghezza di Mt.330 ca a rocca. Spessore diametro mm1,8 ca. Consigliati Uncinetto n.3-4.  Il Thai Lurex è 100% Made in Italy ideato prodotto e distribuito in esclusiva da Tessiland.
;No;9646;Thai Lurex Fuxia Lux Grammi 200;P.ta 4651;24;Filsaronno Srl;AE-26;Cordino Thai con inserti Lurex. Composizione Misti cotone miste Viscose Metal. Le diverse componenti potrebbero portare a differenze di spessore tra i diversi colori. Formato 200 grammi per una lunghezza di Mt.330 ca a rocca. Spessore diametro mm1,8 ca. Consigliati Uncinetto n.3-4.  Il Thai Lurex è 100% Made in Italy ideato prodotto e distribuito in esclusiva da Tessiland.
;No;00020;Thai Lurex Giallo Oro Grammi 200;P.ta 2513;30;Filsaronno Srl;AE-11;Cordino Thai con inserti Lurex. Composizione Misti cotone miste Viscose Metal. Le diverse componenti potrebbero portare a differenze di spessore tra i diversi colori. Formato 200 grammi per una lunghezza di Mt.330 ca a rocca. Spessore diametro mm1,8 ca. Consigliati Uncinetto n.3-4. Il Thai Lurex è 100% Made in Italy ideato prodotto e distribuito in esclusiva da Tessiland.
;No;c6kscyw2;Thai Lurex Grigio Argento Grammi 200;P.ta 1224;180;Filsaronno Srl;AE-12;Cordino Thai con inserti Lurex. Composizione Misti cotone miste Viscose Metal. Le diverse componenti potrebbero portare a differenze di spessore tra i diversi colori. Formato 200 grammi per una lunghezza di Mt.330 ca a rocca. Spessore diametro mm1,8 ca. Consigliati Uncinetto n.3-4.  Il Thai Lurex è 100% Made in Italy ideato prodotto e distribuito in esclusiva da Tessiland.
;No;12094;Thai Lurex Mattone Oro Grammi 200;P.ta 2508;30;Filsaronno Srl;AE-25;Cordino Thai con inserti Lurex. Composizione Misti cotone miste Viscose Metal. Le diverse componenti potrebbero portare a differenze di spessore tra i diversi colori. Formato 200 grammi per una lunghezza di Mt.330 ca a rocca. Spessore diametro mm1,8 ca. Consigliati Uncinetto n.3-4.  Il Thai Lurex è 100% Made in Italy ideato prodotto e distribuito in esclusiva da Tessiland.
;No;7890;Thai Lurex Navy Oro Grammi 200;P.ta 2507;180;Filsaronno Srl;AE-13;Cordino Thai con inserti Lurex. Composizione Misti cotone miste Viscose Metal. Le diverse componenti potrebbero portare a differenze di spessore tra i diversi colori. Formato 200 grammi per una lunghezza di Mt.330 ca a rocca. Spessore diametro mm1,8 ca. Consigliati Uncinetto n.3-4.  Il Thai Lurex è 100% Made in Italy ideato prodotto e distribuito in esclusiva da Tessiland.
;No;7884;Thai Lurex Nero Argento Grammi 200;P.ta 2509;60;Filsaronno Srl;AE-14;Cordino Thai con inserti Lurex. Composizione Misti cotone miste Viscose Metal. Le diverse componenti potrebbero portare a differenze di spessore tra i diversi colori. Formato 200 grammi per una lunghezza di Mt.330 ca a rocca. Spessore diametro mm1,8 ca. Consigliati Uncinetto n.3-4.  Il Thai Lurex è 100% Made in Italy ideato prodotto e distribuito in esclusiva da Tessiland.
;No;7885;Thai Lurex Nero Oro Grammi 200;P.ta 2509;30;Filsaronno Srl;AE-15;Cordino Thai con inserti Lurex. Composizione Misti cotone miste Viscose Metal. Le diverse componenti potrebbero portare a differenze di spessore tra i diversi colori. Formato 200 grammi per una lunghezza di Mt.330 ca a rocca. Spessore diametro mm1,8 ca. Consigliati Uncinetto n.3-4.  Il Thai Lurex è 100% Made in Italy ideato prodotto e distribuito in esclusiva da Tessiland.
;No;12769;Thai Lurex Orchidea Lux Grammi 200;P.ta 2508;40;Filsaronno Srl;AE-16;Cordino Thai con inserti Lurex. Composizione Misti cotone miste Viscose Metal. Le diverse componenti potrebbero portare a differenze di spessore tra i diversi colori. Formato 200 grammi per una lunghezza di Mt.330 ca a rocca. Spessore diametro mm1,8 ca. Consigliati Uncinetto n.3-4. Il Thai Lurex è 100% Made in Italy ideato prodotto e distribuito in esclusiva da Tessiland.
;No;7883;Thai Lurex Panna Oro Grammi 200;P.ta 1925;120;Filsaronno Srl;AE-17;Cordino Thai con inserti Lurex. Composizione Misti cotone miste Viscose Metal. Le diverse componenti potrebbero portare a differenze di spessore tra i diversi colori. Formato 200 grammi per una lunghezza di Mt.330 ca a rocca. Spessore diametro mm1,8 ca. Consigliati Uncinetto n.3-4.  Il Thai Lurex è 100% Made in Italy ideato prodotto e distribuito in esclusiva da Tessiland.
;No;40210;Thai Lurex Perla Argento Grammi 200;P.ta 2512;25;Filsaronno Srl;AE-18;Cordino Thai con inserti Lurex. Composizione Misti cotone miste Viscose Metal. Le diverse componenti potrebbero portare a differenze di spessore tra i diversi colori. Formato 200 grammi per una lunghezza di Mt.330 ca a rocca. Spessore diametro mm1,8 ca. Consigliati Uncinetto n.3-4. Il Thai Lurex è 100% Made in Italy ideato prodotto e distribuito in esclusiva da Tessiland.
;No;7891;Thai Lurex Rosso Oro Grammi 200;P.ta 1008;150;Filsaronno Srl;AE-19;Cordino Thai con inserti Lurex. Composizione Misti cotone miste Viscose Metal. Le diverse componenti potrebbero portare a differenze di spessore tra i diversi colori. Formato 200 grammi per una lunghezza di Mt.330 ca a rocca. Spessore diametro mm1,8 ca. Consigliati Uncinetto n.3-4.  Il Thai Lurex è 100% Made in Italy ideato prodotto e distribuito in esclusiva da Tessiland.
;No;8106;Thai Lurex Salvia Oro Grammi 200;P.ta 2506;60;Filsaronno Srl;AE-20;Cordino Thai con inserti Lurex. Composizione Misti cotone miste Viscose Metal. Le diverse componenti potrebbero portare a differenze di spessore tra i diversi colori. Formato 200 grammi per una lunghezza di Mt.330 ca a rocca. Spessore diametro mm1,8 ca. Consigliati Uncinetto n.3-4.  Il Thai Lurex è 100% Made in Italy ideato prodotto e distribuito in esclusiva da Tessiland.
;No;11715;Thai Lurex Silver Gr 200;P.ta 1604;150;Filsaronno Srl;AE-21;Cordino Thai con inserti Lurex. Composizione Misti cotone miste Viscose Metal. Le diverse componenti potrebbero portare a differenze di spessore tra i diversi colori. Formato 200 grammi per una lunghezza di Mt.330 ca a rocca. Spessore diametro mm1,8 ca. Consigliati Uncinetto n.3-4.  Il Thai Lurex è 100% Made in Italy ideato prodotto e distribuito in esclusiva da Tessiland.
;No;11437;Thai Lurex Sky Lux Grammi 200;p.ta 2207;180;Filsaronno Srl;AE-22;Cordino Thai con inserti Lurex. Composizione Misti cotone miste Viscose Metal. Le diverse componenti potrebbero portare a differenze di spessore tra i diversi colori. Formato 200 grammi per una lunghezza di Mt.330 ca a rocca. Spessore diametro mm1,8 ca. Consigliati Uncinetto n.3-4.  Il Thai Lurex è 100% Made in Italy ideato prodotto e distribuito in esclusiva da Tessiland.
;No;8950;Thai Lurex SmeraldoLux Grammi 200;P.ta 1905;180;Filsaronno Srl;AE-23;Cordino Thai con inserti Lurex. Composizione Misti cotone miste Viscose Metal. Le diverse componenti potrebbero portare a differenze di spessore tra i diversi colori. Formato 200 grammi per una lunghezza di Mt.330 ca a rocca. Spessore diametro mm1,8 ca. Consigliati Uncinetto n.3-4.  Il Thai Lurex è 100% Made in Italy ideato prodotto e distribuito in esclusiva da Tessiland.
;No;14443;Thai Lurex Turchese Oro  Grammi 200;P.ta 2508;150;Filsaronno Srl;AE-24;Cordino Thai con inserti Lurex. Composizione Misti cotone miste Viscose Metal. Le diverse componenti potrebbero portare a differenze di spessore tra i diversi colori. Formato 200 grammi per una lunghezza di Mt.330 ca a rocca. Spessore diametro mm1,8 ca. Consigliati Uncinetto n.3-4.  Il Thai Lurex è 100% Made in Italy ideato prodotto e distribuito in esclusiva da Tessiland.
;No;esq3567i;Thai Skinny Argento Grammi 200;P.ta 63098;60;Filsaronno Srl;BF-1;Cordino Thai Skinny Poliestere e Poliammide. Il massimo del comfort nella lavorazione delle borse e accessori che richiedono un filato con una resa maggiore e più sottile per l'esecuzione di punti raffinati. Formato rocca da 200 grammi per una lunghezza di  530 metri ca con un diametro di mm 1,5 ca. Consigliato uncinetto 2-3.  Il cordino Skinny è 100% Made in Italy ideato prodotto e distribuito in esclusiva da Tessiland.
;No;iqyxwx70;Thai Skinny Avion Grammi 200;P.TA 001;90;Filsaronno Srl;BF-1;Cordino Thai Skinny Poliestere e Poliammide. Il massimo del comfort nella lavorazione delle borse e accessori che richiedono un filato con una resa maggiore e più sottile per l'esecuzione di punti raffinati. Formato rocca da 200 grammi per una lunghezza di  530 metri ca con un diametro di mm 1,5 ca. Consigliato uncinetto 2-3.  Il cordino Skinny è 100% Made in Italy ideato prodotto e distribuito in esclusiva da Tessiland.
;No;9342;Thai Skinny Azzurro Grammi 200;P.ta 04;90;Filsaronno Srl;BF-2;"Cordino Thai Skinny Poliestere e Poliammide. Il massimo del comfort nella lavorazione delle borse e accessori che richiedono un filato con una resa maggiore e più sottile per l'esecuzione di punti raffinati. Formato rocca da 200 grammi per una lunghezza di  530 metri ca con un diametro di mm 1,5 ca. Consigliato uncinetto 2-3.  Il cordino Skinny è 100% Made in Italy ideato prodotto e distribuito in esclusiva da Tessiland. 
[P.ta 04]"
;No;akir5zr5;Thai Skinny Beige Grammi 200;P.ta 2;60;Filsaronno Srl;BF-2;Cordino Thai Skinny Poliestere e Poliammide. Il massimo del comfort nella lavorazione delle borse e accessori che richiedono un filato con una resa maggiore e più sottile per l'esecuzione di punti raffinati. Formato rocca da 200 grammi per una lunghezza di  530 metri ca con un diametro di mm 1,5 ca. Consigliato uncinetto 2-3.  Il cordino Skinny è 100% Made in Italy ideato prodotto e distribuito in esclusiva da Tessiland.
;No;t1un3p3s;Thai Skinny Bianco ottico Grammi 200;P.ta NEW;96;Filsaronno Srl;BF-3;Cordino Thai Skinny Poliestere e Poliammide. Il massimo del comfort nella lavorazione delle borse e accessori che richiedono un filato con una resa maggiore e più sottile per l'esecuzione di punti raffinati. Formato rocca da 200 grammi per una lunghezza di  530 metri ca con un diametro di mm 1,5 ca. Consigliato uncinetto 2-3.  Il cordino Skinny è 100% Made in Italy ideato prodotto e distribuito in esclusiva da Tessiland.
;No;840mi967;Thai Skinny Blu Grammi 200;P.ta 02;19;Filsaronno Srl;BF-3;Cordino Thai Skinny Poliestere e Poliammide. Il massimo del comfort nella lavorazione delle borse e accessori che richiedono un filato con una resa maggiore e più sottile per l'esecuzione di punti raffinati. Formato rocca da 200 grammi per una lunghezza di  530 metri ca con un diametro di mm 1,5 ca. Consigliato uncinetto 2-3.  Il cordino Skinny è 100% Made in Italy ideato prodotto e distribuito in esclusiva da Tessiland.
;No;9383;Thai Skinny Caffè Grammi 200;P.ta 4;60;Filsaronno Srl;BF-4;Cordino Thai Skinny Poliestere e Poliammide. Il massimo del comfort nella lavorazione delle borse e accessori che richiedono un filato con una resa maggiore e più sottile per l'esecuzione di punti raffinati. Formato rocca da 200 grammi per una lunghezza di  530 metri ca con un diametro di mm 1,5 ca. Consigliato uncinetto 2-3.  Il cordino Skinny è 100% Made in Italy ideato prodotto e distribuito in esclusiva da Tessiland.
;No;x4iwcqh2;Thai Skinny Cipria Grammi 200;P.ta 2;60;Filsaronno Srl;BF-4;Cordino Thai Skinny Poliestere e Poliammide. Il massimo del comfort nella lavorazione delle borse e accessori che richiedono un filato con una resa maggiore e più sottile per l'esecuzione di punti raffinati. Formato rocca da 200 grammi per una lunghezza di  530 metri ca con un diametro di mm 1,5 ca. Consigliato uncinetto 2-3.  Il cordino Skinny è 100% Made in Italy ideato prodotto e distribuito in esclusiva da Tessiland.
;No;8250;Thai Skinny Giada Grammi 200;P.ta 03;90;Filsaronno Srl;BF-5;Cordino Thai Skinny Poliestere e Poliammide. Il massimo del comfort nella lavorazione delle borse e accessori che richiedono un filato con una resa maggiore e più sottile per l'esecuzione di punti raffinati. Formato rocca da 200 grammi per una lunghezza di  530 metri ca con un diametro di mm 1,5 ca. Consigliato uncinetto 2-3.  Il cordino Skinny è 100% Made in Italy ideato prodotto e distribuito in esclusiva da Tessiland.
;No;35396408;Thai Skinny Glicine Grammi 200;P.ta 3;90;Filsaronno Srl;BF-5;Cordino Thai Skinny Poliestere e Poliammide. Il massimo del comfort nella lavorazione delle borse e accessori che richiedono un filato con una resa maggiore e più sottile per l'esecuzione di punti raffinati. Formato rocca da 200 grammi per una lunghezza di  530 metri ca con un diametro di mm 1,5 ca. Consigliato uncinetto 2-3.  Il cordino Skinny è 100% Made in Italy ideato prodotto e distribuito in esclusiva da Tessiland.
;No;qmxh9z7r;Thai Skinny Grigio Grammi 200;P.ta 2;90;Filsaronno Srl;BF-6;"Cordino Thai Skinny Poliestere e Poliammide. Il massimo del comfort nella lavorazione delle borse e accessori che richiedono un filato con una resa maggiore e più sottile per l'esecuzione di punti raffinati. Formato rocca da 200 grammi per una lunghezza di  530 metri ca con un diametro di mm 1,5 ca. Consigliato uncinetto 2-3.  Il cordino Skinny è 100% Made in Italy ideato prodotto e distribuito in esclusiva da Tessiland.
[P.ta 002]"
;No;9343;Thai Skinny Malva Grammi 200;P.ta 5;0;Filsaronno Srl;BF-6;Cordino Thai Skinny Poliestere e Poliammide. Il massimo del comfort nella lavorazione delle borse e accessori che richiedono un filato con una resa maggiore e più sottile per l'esecuzione di punti raffinati. Formato rocca da 200 grammi per una lunghezza di  530 metri ca con un diametro di mm 1,5 ca. Consigliato uncinetto 2-3.  Il cordino Skinny è 100% Made in Italy ideato prodotto e distribuito in esclusiva da Tessiland.
;No;9344;Thai Skinny Mango Grammi 200;P.ta 5;90;Filsaronno Srl;BF-8;Cordino Thai Skinny Poliestere e Poliammide. Il massimo del comfort nella lavorazione delle borse e accessori che richiedono un filato con una resa maggiore e più sottile per l'esecuzione di punti raffinati. Formato rocca da 200 grammi per una lunghezza di  530 metri ca con un diametro di mm 1,5 ca. Consigliato uncinetto 2-3.  Il cordino Skinny è 100% Made in Italy ideato prodotto e distribuito in esclusiva da Tessiland.
;No;j1n0z3o7;Thai Skinny Nero Grammi 200;P.ta 03;121;Filsaronno Srl;BF-7;Cordino Thai Skinny Poliestere e Poliammide. Il massimo del comfort nella lavorazione delle borse e accessori che richiedono un filato con una resa maggiore e più sottile per l'esecuzione di punti raffinati. Formato rocca da 200 grammi per una lunghezza di  530 metri ca con un diametro di mm 1,5 ca. Consigliato uncinetto 2-3.  Il cordino Skinny è 100% Made in Italy ideato prodotto e distribuito in esclusiva da Tessiland.
;No;7992;Thai Skinny Panna Grammi 200;P.ta 02;60;Filsaronno Srl;BF-8;Cordino Thai Skinny Poliestere e Poliammide. Il massimo del comfort nella lavorazione delle borse e accessori che richiedono un filato con una resa maggiore e più sottile per l'esecuzione di punti raffinati. Formato rocca da 200 grammi per una lunghezza di  530 metri ca con un diametro di mm 1,5 ca. Consigliato uncinetto 2-3.  Il cordino Skinny è 100% Made in Italy ideato prodotto e distribuito in esclusiva da Tessiland.
;No;mo2tiwj7;Thai Skinny Rame Grammi 200;P.ta 05;30;Filsaronno Srl;BF-9;Cordino Thai Skinny Poliestere e Poliammide. Il massimo del comfort nella lavorazione delle borse e accessori che richiedono un filato con una resa maggiore e più sottile per l'esecuzione di punti raffinati. Formato rocca da 200 grammi per una lunghezza di  530 metri ca con un diametro di mm 1,5 ca. Consigliato uncinetto 2-3.  Il cordino Skinny è 100% Made in Italy ideato prodotto e distribuito in esclusiva da Tessiland.
;No;llj7d6k3;Thai Skinny Rosso Grammi 200;P.ta 02;84;Filsaronno Srl;BF-9;Cordino Thai Skinny Poliestere e Poliammide. Il massimo del comfort nella lavorazione delle borse e accessori che richiedono un filato con una resa maggiore e più sottile per l'esecuzione di punti raffinati. Formato rocca da 200 grammi per una lunghezza di  530 metri ca con un diametro di mm 1,5 ca. Consigliato uncinetto 2-3.  Il cordino Skinny è 100% Made in Italy ideato prodotto e distribuito in esclusiva da Tessiland.
;No;8109;Thai Skinny Salvia Grammi 200;P.ta 04;30;Filsaronno Srl;BF-10;Cordino Thai Skinny Poliestere e Poliammide. Il massimo del comfort nella lavorazione delle borse e accessori che richiedono un filato con una resa maggiore e più sottile per l'esecuzione di punti raffinati. Formato rocca da 200 grammi per una lunghezza di  530 metri ca con un diametro di mm 1,5 ca. Consigliato uncinetto 2-3.  Il cordino Skinny è 100% Made in Italy ideato prodotto e distribuito in esclusiva da Tessiland.
;No;9384;Thai Skinny Smeraldo Grammi 200;P.ta 4;60;Filsaronno Srl;BF-10;Cordino Thai Skinny Poliestere e Poliammide. Il massimo del comfort nella lavorazione delle borse e accessori che richiedono un filato con una resa maggiore e più sottile per l'esecuzione di punti raffinati. Formato rocca da 200 grammi per una lunghezza di  530 metri ca con un diametro di mm 1,5 ca. Consigliato uncinetto 2-3.  Il cordino Skinny è 100% Made in Italy ideato prodotto e distribuito in esclusiva da Tessiland.
;No;uzs9at2f;Thai Skinny Tiffany Grammi 200;P,ta 03;90;Filsaronno Srl;BF-11;Cordino Thai Skinny Poliestere e Poliammide. Il massimo del comfort nella lavorazione delle borse e accessori che richiedono un filato con una resa maggiore e più sottile per l'esecuzione di punti raffinati. Formato rocca da 200 grammi per una lunghezza di  530 metri ca con un diametro di mm 1,5 ca. Consigliato uncinetto 2-3.  Il cordino Skinny è 100% Made in Italy ideato prodotto e distribuito in esclusiva da Tessiland.
;No;7991;Thai Skinny Wine Grammi 200;P.ta 2;73;Filsaronno Srl;BF-11;Cordino Thai Skinny Poliestere e Poliammide. Il massimo del comfort nella lavorazione delle borse e accessori che richiedono un filato con una resa maggiore e più sottile per l'esecuzione di punti raffinati. Formato rocca da 200 grammi per una lunghezza di  530 metri ca con un diametro di mm 1,5 ca. Consigliato uncinetto 2-3.  Il cordino Skinny è 100% Made in Italy ideato prodotto e distribuito in esclusiva da Tessiland.
;No;9960;Thai Slim Sfumato SSS Ananas gr 200;;90;Filsaronno Srl;BE-10;Cordino 100% Polipropilene Sfumato per realizzare borse ed accessori Consigliati ferri 3-4  Uncinetto 2,5 -3 Consegnato in Rocca Peso Gr 200 ca Lunghezza mt 300 ca diametro mm1,7 ca
;No;9961;Thai Slim Sfumato SSS Avocado gr 200;P.ta 2603;180;Filsaronno Srl;BE-10;Cordino 100% Polipropilene Sfumato per realizzare borse ed accessori Consigliati ferri 3 4  Uncinetto 2,5 3 Consegnato in Rocca Peso Gr 200 ca Lunghezza mt 300 ca diametro mm1,7 ca
;No;9962;Thai Slim Sfumato SSS Bluebarry gr 200;;90;Filsaronno Srl;BE-11;Cordino 100% Polipropilene Sfumato per realizzare borse ed accessori Consigliati ferri 3 4  Uncinetto 2,5 3 Consegnato in Rocca Peso Gr 200 ca Lunghezza mt 300 ca diametro mm1,7 ca
;No;9963;Thai Slim Sfumato SSS Cachi gr 200;;102;Filsaronno Srl;BE-11;Cordino 100% Polipropilene Sfumato per realizzare borse ed accessori Consigliati ferri 3 4  Uncinetto 2,5 3 Consegnato in Rocca Peso Gr 200 ca Lunghezza mt 300 ca diametro mm1,7 ca
;No;9964;Thai Slim Sfumato SSS Cenere gr 200;;90;Filsaronno Srl;BE-12;Cordino 100% Polipropilene Sfumato per realizzare borse ed accessori Consigliati ferri 3 4  Uncinetto 2,5 3 Consegnato in Rocca Peso Gr 200 ca Lunghezza mt 300 ca diametro mm1,7 ca
;No;9965;Thai Slim Sfumato SSS Chili gr 200;;90;Filsaronno Srl;BE-12;Cordino 100% Polipropilene Sfumato per realizzare borse ed accessori Consigliati ferri 3 4  Uncinetto 2,5 3 Consegnato in Rocca Peso Gr 200 ca Lunghezza mt 300 ca diametro mm1,7 ca
;No;9966;Thai Slim Sfumato SSS Fragola gr 200;;90;Filsaronno Srl;BE-13;Cordino 100% Polipropilene Sfumato per realizzare borse ed accessori Consigliati ferri 3 4  Uncinetto 2,5 3 Consegnato in Rocca Peso Gr 200 ca Lunghezza mt 300 ca diametro mm1,7 ca
;No;9967;Thai Slim Sfumato SSS Gelso gr 200;;60;Filsaronno Srl;BE-13;Cordino 100% Polipropilene Sfumato per realizzare borse ed accessori Consigliati ferri 3 4  Uncinetto 2,5 3 Consegnato in Rocca Peso Gr 200 ca Lunghezza mt 300 ca diametro mm1,7 ca
;No;9968;Thai Slim Sfumato SSS Lime gr 200;;90;Filsaronno Srl;BE-14;Cordino 100% Polipropilene Sfumato per realizzare borse ed accessori Consigliati ferri 3 4  Uncinetto 2,5 3 Consegnato in Rocca Peso Gr 200 ca Lunghezza mt 300 ca diametro mm1,7 ca
;No;10035;Thai Slim Sfumato SSS Mare gr 200;;90;Filsaronno Srl;BE-14;Cordino 100% Polipropilene Sfumato per realizzare borse ed accessori Consigliati ferri 3 4  Uncinetto 2,5 3 Consegnato in Rocca Peso Gr 200 ca Lunghezza mt 300 ca diametro mm1,7 ca
;No;9969;Thai Slim Sfumato SSS Melone gr 200;;90;Filsaronno Srl;BE-15;Cordino 100% Polipropilene Sfumato per realizzare borse ed accessori Consigliati ferri 3 4  Uncinetto 2,5 3 Consegnato in Rocca Peso Gr 200 ca Lunghezza mt 300 ca diametro mm1,7 ca
;No;9970;Thai Slim Sfumato SSS Menta gr 200;;90;Filsaronno Srl;BE-15;Cordino 100% Polipropilene Sfumato per realizzare borse ed accessori Consigliati ferri 3 4  Uncinetto 2,5 3 Consegnato in Rocca Peso Gr 200 ca Lunghezza mt 300 ca diametro mm1,7 ca
;No;10036;Thai Slim Sfumato SSS Noce gr 200;;60;Filsaronno Srl;BF-15;Cordino 100% Polipropilene Sfumato per realizzare borse ed accessori Consigliati ferri 3 4  Uncinetto 2,5 3 Consegnato in Rocca Peso Gr 200 ca Lunghezza mt 300 ca diametro mm1,7 ca
;No;10037;Thai Slim Sfumato SSS Pompelmo rosa gr 200;;90;Filsaronno Srl;BF-14;Cordino 100% Polipropilene Sfumato per realizzare borse ed accessori Consigliati ferri 3 4  Uncinetto 2,5 3 Consegnato in Rocca Peso Gr 200 ca Lunghezza mt 300 ca diametro mm1,7 ca
;No;9971;Thai Slim Sfumato SSS Silver gr 200;;90;Filsaronno Srl;BF-13;Cordino 100% Polipropilene Sfumato per realizzare borse ed accessori Consigliati ferri 3 4  Uncinetto 2,5 3 Consegnato in Rocca Peso Gr 200 ca Lunghezza mt 300 ca diametro mm1,7 ca
;No;10038;Thai Slim Sfumato SSS Sky gr 200;;90;Filsaronno Srl;BF-13;Cordino 100% Polipropilene Sfumato per realizzare borse ed accessori Consigliati ferri 3 4  Uncinetto 2,5 3 Consegnato in Rocca Peso Gr 200 ca Lunghezza mt 300 ca diametro mm1,7 ca
;No;9972;Thai Slim Sfumato SSS Uva gr 200;;60;Filsaronno Srl;BF-12;Cordino 100% Polipropilene Sfumato per realizzare borse ed accessori Consigliati ferri 3 4  Uncinetto 2,5 3 Consegnato in Rocca Peso Gr 200 ca Lunghezza mt 300 ca diametro mm1,7 ca
;No;10065;Thai Slim Unito Avio gr 200;;150;Filsaronno Srl;BE-1;Cordino 100% Polipropilene in tinta unita  per realizzare borse ed accessori Consigliati ferri 3 4  Uncinetto 2,5 3 Consegnato in Rocca Peso Gr 200 ca Lunghezza mt 300 ca diametro mm1,7 ca
;No;10066;Thai Slim Unito Beige gr 200;;180;Filsaronno Srl;BE-2;Cordino 100% Polipropilene in tinta unita  per realizzare borse ed accessori Consigliati ferri 3 4  Uncinetto 2,5 3 Consegnato in Rocca Peso Gr 200 ca Lunghezza mt 300 ca diametro mm1,7 ca
;No;10067;Thai Slim Unito Bianco gr 200;P.ta 1209;120;Filsaronno Srl;BE-3;Cordino 100% Polipropilene in tinta unita  per realizzare borse ed accessori Consigliati ferri 3 4  Uncinetto 2,5 3 Consegnato in Rocca Peso Gr 200 ca Lunghezza mt 300 ca diametro mm1,7 ca
;No;10068;Thai Slim Unito Blu gr 200;P.ta 2023;90;Filsaronno Srl;BE-4;Cordino 100% Polipropilene in tinta unita  per realizzare borse ed accessori Consigliati ferri 3 4  Uncinetto 2,5 3 Consegnato in Rocca Peso Gr 200 ca Lunghezza mt 300 ca diametro mm1,7 ca
;No;10069;Thai Slim Unito Bordeaux gr 200;;180;Filsaronno Srl;BE-5;Cordino 100% Polipropilene in tinta unita  per realizzare borse ed accessori Consigliati ferri 3 4  Uncinetto 2,5 3 Consegnato in Rocca Peso Gr 200 ca Lunghezza mt 300 ca diametro mm1,7 ca
;No;10070;Thai Slim Unito Grigio gr 200;;150;Filsaronno Srl;BE-6;Cordino 100% Polipropilene in tinta unita  per realizzare borse ed accessori Consigliati ferri 3 4  Uncinetto 2,5 3 Consegnato in Rocca Peso Gr 200 ca Lunghezza mt 3ca diametro mm1,7 ca
;No;10071;Thai Slim Unito Nero gr 200;P.ta 06;60;Filsaronno Srl;BE-7;Cordino 100% Polipropilene in tinta unita  per realizzare borse ed accessori Consigliati ferri 3 4  Uncinetto 2,5 3 Consegnato in Rocca Peso Gr 200 ca Lunghezza mt 300 ca diametro mm1,7 ca
;No;10072;Thai Slim Unito Panna gr 200;;150;Filsaronno Srl;BE-8;Cordino 100% Polipropilene in tinta unita  per realizzare borse ed accessori Consigliati ferri 3 4  Uncinetto 2,5 3 Consegnato in Rocca Peso Gr 200 ca Lunghezza mt 300 ca diametro mm1,7 ca
;No;10073;Thai Slim Unito Rosa gr 200;;180;Filsaronno Srl;BE-9;Cordino 100% Polipropilene in tinta unita  per realizzare borse ed accessori Consigliati ferri 3 4  Uncinetto 2,5 3 Consegnato in Rocca Peso Gr 200 ca Lunghezza mt 300 ca diametro mm1,7 ca
;No;86vsnhpe;Thai Sublime Argento Grammi 200;P.ta 2207;121;Indorama Ventures Lifestyle Italy Spa;AA-01;Cordino Thai Sublime Poliestere e Poliammide. Il massimo del comfort nella lavorazione delle borse.Formato rocca da 200 grammi per una lunghezza di  280 metri ca con un diametro di mm 2 ca. Consigliato uncinetto 3-4.  Il cordino Thai Sublime è 100% Made in Italy ideato prodotto e distribuito in esclusiva da Tessiland.
;No;ppb220tq;Thai Sublime Avion Grammi 200;P.ta 3496;120;Indorama Ventures Lifestyle Italy Spa;AA-2;Cordino Thai Sublime Poliestere e Poliammide. Il massimo del comfort nella lavorazione delle borse.Formato rocca da 200 grammi per una lunghezza di  280 metri ca con un diametro di mm 2 ca. Consigliato uncinetto 3-4.  Il cordino Thai Sublime è 100% Made in Italy ideato prodotto e distribuito in esclusiva da Tessiland.
;No;qjpj24cc;Thai Sublime Becco Oca Grammi 200;P.ta 5029_01;120;Indorama Ventures Lifestyle Italy Spa;AA-3;Cordino Thai Sublime Poliestere e Poliammide. Il massimo del comfort nella lavorazione delle borse.Formato rocca da 200 grammi per una lunghezza di  280 metri ca con un diametro di mm 2 ca. Consigliato uncinetto 3-4.  Il cordino Thai Sublime è 100% Made in Italy ideato prodotto e distribuito in esclusiva da Tessiland.
;No;n4twi1ys;Thai Sublime Beige Grammi 200;P.ta 1919;60;Indorama Ventures Lifestyle Italy Spa;AA-4;Cordino Thai Sublime Poliestere e Poliammide. Il massimo del comfort nella lavorazione delle borse.Formato rocca da 200 grammi per una lunghezza di  280 metri ca con un diametro di mm 2 ca. Consigliato uncinetto 3-4.  Il cordino Thai Sublime è 100% Made in Italy ideato prodotto e distribuito in esclusiva da Tessiland.
;No;kzu8yz44;Thai Sublime Bianco ottico Grammi 200;P.ta 4106;150;Indorama Ventures Lifestyle Italy Spa;AA-5;Cordino Thai Sublime Poliestere e Poliammide. Il massimo del comfort nella lavorazione delle borse.Formato rocca da 200 grammi per una lunghezza di  280 metri ca con un diametro di mm 2 ca. Consigliato uncinetto 3-4.  Il cordino Thai Sublime è 100% Made in Italy ideato prodotto e distribuito in esclusiva da Tessiland.
;No;e7s7ueyx;Thai Sublime Blu marine Grammi 200;P.ta 1048;90;Indorama Ventures Lifestyle Italy Spa;AA-6;Cordino Thai Sublime Poliestere e Poliammide. Il massimo del comfort nella lavorazione delle borse.Formato rocca da 200 grammi per una lunghezza di  280 metri ca con un diametro di mm 2 ca. Consigliato uncinetto 3-4.  Il cordino Thai Sublime è 100% Made in Italy ideato prodotto e distribuito in esclusiva da Tessiland.
;No;qm79tq0d;Thai Sublime Bluette Grammi 200;P.ta 1365;120;Indorama Ventures Lifestyle Italy Spa;AA-7;Cordino Thai Sublime Poliestere e Poliammide. Il massimo del comfort nella lavorazione delle borse.Formato rocca da 200 grammi per una lunghezza di  280 metri ca con un diametro di mm 2 ca. Consigliato uncinetto 3-4.  Il cordino Thai Sublime è 100% Made in Italy ideato prodotto e distribuito in esclusiva da Tessiland.
;No;65fa81lg;Thai Sublime Bordeaux Grammi 200;P.ta 6586;90;Indorama Ventures Lifestyle Italy Spa;AA-8;Cordino Thai Sublime Poliestere e Poliammide. Il massimo del comfort nella lavorazione delle borse.Formato rocca da 200 grammi per una lunghezza di  280 metri ca con un diametro di mm 2 ca. Consigliato uncinetto 3-4.  Il cordino Thai Sublime è 100% Made in Italy ideato prodotto e distribuito in esclusiva da Tessiland.
;No;12898;Thai Sublime Caramello Grammi 200;P.ta 642;150;Indorama Ventures Lifestyle Italy Spa;AA-9;Cordino Thai Sublime Poliestere e Poliammide. Il massimo del comfort nella lavorazione delle borse.Formato rocca da 200 grammi per una lunghezza di  280 metri ca con un diametro di mm 2 ca. Consigliato uncinetto 3-4.  Il cordino Thai Sublime è 100% Made in Italy ideato prodotto e distribuito in esclusiva da Tessiland.
;No;80si4mzr;Thai Sublime Carta zucchero Grammi 200;Pta 1505;120;Indorama Ventures Lifestyle Italy Spa;AA-10;Cordino Thai Sublime Poliestere e Poliammide. Il massimo del comfort nella lavorazione delle borse.Formato rocca da 200 grammi per una lunghezza di  280 metri ca con un diametro di mm 2 ca. Consigliato uncinetto 3-4.  Il cordino Thai Sublime è 100% Made in Italy ideato prodotto e distribuito in esclusiva da Tessiland.
;No;xejunqu1;Thai Sublime Castagna Grammi 200;P.ta 5022-01;30;Indorama Ventures Lifestyle Italy Spa;AA-11;Cordino Thai Sublime Poliestere e Poliammide. Il massimo del comfort nella lavorazione delle borse.Formato rocca da 200 grammi per una lunghezza di  280 metri ca con un diametro di mm 2 ca. Consigliato uncinetto 3-4.  Il cordino Thai Sublime è 100% Made in Italy ideato prodotto e distribuito in esclusiva da Tessiland.
;No;34wz3w0k;Thai Sublime Cipria Grammi 200;P.ta 3098;180;Indorama Ventures Lifestyle Italy Spa;AA-12;Cordino Thai Sublime Poliestere e Poliammide. Il massimo del comfort nella lavorazione delle borse.Formato rocca da 200 grammi per una lunghezza di  280 metri ca con un diametro di mm 2 ca. Consigliato uncinetto 3-4.  Il cordino Thai Sublime è 100% Made in Italy ideato prodotto e distribuito in esclusiva da Tessiland.
;No;13318;Thai Sublime Crema Grammi 200;P.ta B74917;150;Indorama Ventures Lifestyle Italy Spa;AB-1;Cordino Thai Sublime Poliestere e Poliammide. Il massimo del comfort nella lavorazione delle borse.Formato rocca da 200 grammi per una lunghezza di  280 metri ca con un diametro di mm 2 ca. Consigliato uncinetto 3-4.  Il cordino Thai Sublime è 100% Made in Italy ideato prodotto e distribuito in esclusiva da Tessiland.
;No;11587;Thai Sublime Cuoio Grammi 200;P.ta 8213;0;Indorama Ventures Lifestyle Italy Spa;AB-2;Cordino Thai Sublime Poliestere e Poliammide. Il massimo del comfort nella lavorazione delle borse.Formato rocca da 200 grammi per una lunghezza di  280 metri ca con un diametro di mm 2 ca. Consigliato uncinetto 3-4.  Il cordino Thai Sublime è 100% Made in Italy ideato prodotto e distribuito in esclusiva da Tessiland.
;No;nnyguatw;Thai Sublime Fluo Fuxia Grammi 200;P.ta 01;120;Indorama Ventures Lifestyle Italy Spa;AB-3;Cordino Thai Sublime Poliestere e Poliammide. Il massimo del comfort nella lavorazione delle borse.Formato rocca da 200 grammi per una lunghezza di  280 metri ca con un diametro di mm 2 ca. Consigliato uncinetto 3-4.  Il cordino Thai Sublime è 100% Made in Italy ideato prodotto e distribuito in esclusiva da Tessiland.
;No;sx3mw7ce;Thai Sublime Glicine Grammi 200;P.ta 3098;180;Indorama Ventures Lifestyle Italy Spa;AB-4;Cordino Thai Sublime Poliestere e Poliammide. Il massimo del comfort nella lavorazione delle borse.Formato rocca da 200 grammi per una lunghezza di  280 metri ca con un diametro di mm 2 ca. Consigliato uncinetto 3-4.  Il cordino Thai Sublime è 100% Made in Italy ideato prodotto e distribuito in esclusiva da Tessiland.
;No;gytudb5k;Thai Sublime Grigio Grammi 200;P.ta 5060;120;Indorama Ventures Lifestyle Italy Spa;AB-5;Cordino Thai Sublime Poliestere e Poliammide. Il massimo del comfort nella lavorazione delle borse.Formato rocca da 200 grammi per una lunghezza di  280 metri ca con un diametro di mm 2 ca. Consigliato uncinetto 3-4.  Il cordino Thai Sublime è 100% Made in Italy ideato prodotto e distribuito in esclusiva da Tessiland.
;No;7364;Thai Sublime Grigio Medio Grammi 200;P.ta 5706;120;Indorama Ventures Lifestyle Italy Spa;AB-6;Cordino Thai Sublime Poliestere e Poliammide. Il massimo del comfort nella lavorazione delle borse.Formato rocca da 200 grammi per una lunghezza di  280 metri ca con un diametro di mm 2 ca. Consigliato uncinetto 3-4.  Il cordino Thai Sublime è 100% Made in Italy ideato prodotto e distribuito in esclusiva da Tessiland.
;No;13319;Thai Sublime Lilla Grammi 200;P.ta B75122;120;Indorama Ventures Lifestyle Italy Spa;AB-7;Cordino Thai Sublime Poliestere e Poliammide. Il massimo del comfort nella lavorazione delle borse.Formato rocca da 200 grammi per una lunghezza di  280 metri ca con un diametro di mm 2 ca. Consigliato uncinetto 3-4.  Il cordino Thai Sublime è 100% Made in Italy ideato prodotto e distribuito in esclusiva da Tessiland.
;No;13320;Thai Sublime Lime Grammi 200;P.ta B75216;90;Indorama Ventures Lifestyle Italy Spa;AB-8;Cordino Thai Sublime Poliestere e Poliammide. Il massimo del comfort nella lavorazione delle borse.Formato rocca da 200 grammi per una lunghezza di  280 metri ca con un diametro di mm 2 ca. Consigliato uncinetto 3-4.  Il cordino Thai Sublime è 100% Made in Italy ideato prodotto e distribuito in esclusiva da Tessiland.
;No;13321;Thai Sublime Magenta Grammi 200;P.ta 2944;150;Indorama Ventures Lifestyle Italy Spa;AB-9;Cordino Thai Sublime Poliestere e Poliammide. Il massimo del comfort nella lavorazione delle borse.Formato rocca da 200 grammi per una lunghezza di  280 metri ca con un diametro di mm 2 ca. Consigliato uncinetto 3-4.  Il cordino Thai Sublime è 100% Made in Italy ideato prodotto e distribuito in esclusiva da Tessiland.
;No;6248;Thai Sublime Militare Grammi 200;P.ta 1878;150;Indorama Ventures Lifestyle Italy Spa;AB-10;Cordino Thai Sublime Poliestere e Poliammide. Il massimo del comfort nella lavorazione delle borse.Formato rocca da 200 grammi per una lunghezza di  280 metri ca con un diametro di mm 2 ca. Consigliato uncinetto 3-4.  Il cordino Thai Sublime è 100% Made in Italy ideato prodotto e distribuito in esclusiva da Tessiland.
;No;2n7gokre;Thai Sublime Nero Grammi 200;P.ta 6545;90;Indorama Ventures Lifestyle Italy Spa;AB-11;Cordino Thai Sublime Poliestere e Poliammide. Il massimo del comfort nella lavorazione delle borse.Formato rocca da 200 grammi per una lunghezza di  280 metri ca con un diametro di mm 2 ca. Consigliato uncinetto 3-4.  Il cordino Thai Sublime è 100% Made in Italy ideato prodotto e distribuito in esclusiva da Tessiland.
;No;id5cpwup;Thai Sublime Nocciola Grammi 200;P.ta 7712;120;Indorama Ventures Lifestyle Italy Spa;AB-12;Cordino Thai Sublime Poliestere e Poliammide. Il massimo del comfort nella lavorazione delle borse.Formato rocca da 200 grammi per una lunghezza di  280 metri ca con un diametro di mm 2 ca. Consigliato uncinetto 3-4.  Il cordino Thai Sublime è 100% Made in Italy ideato prodotto e distribuito in esclusiva da Tessiland.
;No;tjy5hmx4;Thai Sublime Nuvola Grammi 200;P.ta 4028;180;Indorama Ventures Lifestyle Italy Spa;AB-13;Cordino Thai Sublime Poliestere e Poliammide. Il massimo del comfort nella lavorazione delle borse.Formato rocca da 200 grammi per una lunghezza di  280 metri ca con un diametro di mm 2 ca. Consigliato uncinetto 3-4.  Il cordino Thai Sublime è 100% Made in Italy ideato prodotto e distribuito in esclusiva da Tessiland.
;No;14594;Thai Sublime Panna Grammi 200;P.ta 3414;60;Indorama Ventures Lifestyle Italy Spa;AB-14;Cordino Thai Sublime Poliestere e Poliammide. Il massimo del comfort nella lavorazione delle borse.Formato rocca da 200 grammi per una lunghezza di  280 metri ca con un diametro di mm 2 ca. Consigliato uncinetto 3-4.  Il cordino Thai Sublime è 100% Made in Italy ideato prodotto e distribuito in esclusiva da Tessiland.
;No;dmic399s;Thai Sublime Petrolio Grammi 200;P.ta 8906;150;Indorama Ventures Lifestyle Italy Spa;AB-15;Cordino Thai Sublime Poliestere e Poliammide. Il massimo del comfort nella lavorazione delle borse.Formato rocca da 200 grammi per una lunghezza di  280 metri ca con un diametro di mm 2 ca. Consigliato uncinetto 3-4.  Il cordino Thai Sublime è 100% Made in Italy ideato prodotto e distribuito in esclusiva da Tessiland.
;No;13322;Thai Sublime Pistacchio Grammi 200;P.ta B75032;90;Indorama Ventures Lifestyle Italy Spa;AB-16;Cordino Thai Sublime Poliestere e Poliammide. Il massimo del comfort nella lavorazione delle borse.Formato rocca da 200 grammi per una lunghezza di  280 metri ca con un diametro di mm 2 ca. Consigliato uncinetto 3-4.  Il cordino Thai Sublime è 100% Made in Italy ideato prodotto e distribuito in esclusiva da Tessiland.
;No;n33ie4bu;Thai Sublime Rame Grammi 200;P.ta 5804_01;90;Indorama Ventures Lifestyle Italy Spa;AB-17;Cordino Thai Sublime Poliestere e Poliammide. Il massimo del comfort nella lavorazione delle borse.Formato rocca da 200 grammi per una lunghezza di  280 metri ca con un diametro di mm 2 ca. Consigliato uncinetto 3-4.  Il cordino Thai Sublime è 100% Made in Italy ideato prodotto e distribuito in esclusiva da Tessiland.
;No;y07bsb4r;Thai Sublime Rosso Grammi 200;P.ta 1541;120;Indorama Ventures Lifestyle Italy Spa;AB-18;Cordino Thai Sublime Poliestere e Poliammide. Il massimo del comfort nella lavorazione delle borse.Formato rocca da 200 grammi per una lunghezza di  280 metri ca con un diametro di mm 2 ca. Consigliato uncinetto 3-4.  Il cordino Thai Sublime è 100% Made in Italy ideato prodotto e distribuito in esclusiva da Tessiland.
;No;13669;Thai Sublime Sfumato Colorado Grammi 200;P.ta 01;60;Indorama Ventures Lifestyle Italy Spa;AC-1;Cordino Thai Sublime Poliestere e Poliammide. Il massimo del comfort nella lavorazione delle borse.Formato rocca da 200 grammi per una lunghezza di  280 metri ca con un diametro di mm 2 ca. Consigliato uncinetto 3-4.  Il cordino Thai Sublime è 100% Made in Italy ideato prodotto e distribuito in esclusiva da Tessiland.
;No;10504;Thai Sublime Sfumato Danubio Grammi 200;P.ta 01;60;Indorama Ventures Lifestyle Italy Spa;AC-2;Cordino Thai Sublime Poliestere e Poliammide. Il massimo del comfort nella lavorazione delle borse.Formato rocca da 200 grammi per una lunghezza di  280 metri ca con un diametro di mm 2 ca. Consigliato uncinetto 3-4.  Il cordino Thai Sublime è 100% Made in Italy ideato prodotto e distribuito in esclusiva da Tessiland.
;No;10499;Thai Sublime Sfumato Don Grammi 200;P.ta 01;60;Indorama Ventures Lifestyle Italy Spa;AC-3;Cordino Thai Sublime Poliestere e Poliammide. Il massimo del comfort nella lavorazione delle borse.Formato rocca da 200 grammi per una lunghezza di  280 metri ca con un diametro di mm 2 ca. Consigliato uncinetto 3-4.  Il cordino Thai Sublime è 100% Made in Italy ideato prodotto e distribuito in esclusiva da Tessiland.
;No;10501;Thai Sublime Sfumato Eufrate Grammi 200;P.ta 01;30;Indorama Ventures Lifestyle Italy Spa;AC-4;Cordino Thai Sublime Poliestere e Poliammide. Il massimo del comfort nella lavorazione delle borse.Formato rocca da 200 grammi per una lunghezza di  280 metri ca con un diametro di mm 2 ca. Consigliato uncinetto 3-4.  Il cordino Thai Sublime è 100% Made in Italy ideato prodotto e distribuito in esclusiva da Tessiland.
;No;10506;Thai Sublime Sfumato Gange Grammi 200;P.ta 01;60;Indorama Ventures Lifestyle Italy Spa;AC-5;Cordino Thai Sublime Poliestere e Poliammide. Il massimo del comfort nella lavorazione delle borse.Formato rocca da 200 grammi per una lunghezza di  280 metri ca con un diametro di mm 2 ca. Consigliato uncinetto 3-4.  Il cordino Thai Sublime è 100% Made in Italy ideato prodotto e distribuito in esclusiva da Tessiland.
;No;10500;Thai Sublime Sfumato Indo Grammi 200;P.ta 01;60;Indorama Ventures Lifestyle Italy Spa;AC-6;Cordino Thai Sublime Poliestere e Poliammide. Il massimo del comfort nella lavorazione delle borse.Formato rocca da 200 grammi per una lunghezza di  280 metri ca con un diametro di mm 2 ca. Consigliato uncinetto 3-4.  Il cordino Thai Sublime è 100% Made in Italy ideato prodotto e distribuito in esclusiva da Tessiland.
;No;10505;Thai Sublime Sfumato Nilo Grammi 200;P.ta 01;58;Indorama Ventures Lifestyle Italy Spa;AC-7;Cordino Thai Sublime Poliestere e Poliammide. Il massimo del comfort nella lavorazione delle borse.Formato rocca da 200 grammi per una lunghezza di  280 metri ca con un diametro di mm 2 ca. Consigliato uncinetto 3-4.  Il cordino Thai Sublime è 100% Made in Italy ideato prodotto e distribuito in esclusiva da Tessiland.
;No;10502;Thai Sublime Sfumato Rio Grammi 200;P.ta 01;60;Indorama Ventures Lifestyle Italy Spa;AC-8;Cordino Thai Sublime Poliestere e Poliammide. Il massimo del comfort nella lavorazione delle borse.Formato rocca da 200 grammi per una lunghezza di  280 metri ca con un diametro di mm 2 ca. Consigliato uncinetto 3-4.  Il cordino Thai Sublime è 100% Made in Italy ideato prodotto e distribuito in esclusiva da Tessiland.
;No;10507;Thai Sublime Sfumato Senna Grammi 200;P.ta 01;90;Indorama Ventures Lifestyle Italy Spa;AC-9;Cordino Thai Sublime Poliestere e Poliammide. Il massimo del comfort nella lavorazione delle borse.Formato rocca da 200 grammi per una lunghezza di  280 metri ca con un diametro di mm 2 ca. Consigliato uncinetto 3-4.  Il cordino Thai Sublime è 100% Made in Italy ideato prodotto e distribuito in esclusiva da Tessiland.
;No;10503;Thai Sublime Sfumato Tamigi Grammi 200;P.ta 01;60;Indorama Ventures Lifestyle Italy Spa;AC-10;Cordino Thai Sublime Poliestere e Poliammide. Il massimo del comfort nella lavorazione delle borse.Formato rocca da 200 grammi per una lunghezza di  280 metri ca con un diametro di mm 2 ca. Consigliato uncinetto 3-4.  Il cordino Thai Sublime è 100% Made in Italy ideato prodotto e distribuito in esclusiva da Tessiland.
;No;cntgpdjh;Thai Sublime Sole Grammi 200;P.ta 3898;120;Indorama Ventures Lifestyle Italy Spa;AB-19;Cordino Thai Sublime Poliestere e Poliammide. Il massimo del comfort nella lavorazione delle borse.Formato rocca da 200 grammi per una lunghezza di  280 metri ca con un diametro di mm 2 ca. Consigliato uncinetto 3-4.  Il cordino Thai Sublime è 100% Made in Italy ideato prodotto e distribuito in esclusiva da Tessiland.
;No;jzo7af93;Thai Sublime Tiffany Grammi 200;P.ta 8630;150;Indorama Ventures Lifestyle Italy Spa;AB-20;Cordino Thai Sublime Poliestere e Poliammide. Il massimo del comfort nella lavorazione delle borse.Formato rocca da 200 grammi per una lunghezza di  280 metri ca con un diametro di mm 2 ca. Consigliato uncinetto 3-4.  Il cordino Thai Sublime è 100% Made in Italy ideato prodotto e distribuito in esclusiva da Tessiland.
;No;13323;Thai Sublime Turchese Grammi 200;P.ta B75123;150;Indorama Ventures Lifestyle Italy Spa;AB-21;Cordino Thai Sublime Poliestere e Poliammide. Il massimo del comfort nella lavorazione delle borse.Formato rocca da 200 grammi per una lunghezza di  280 metri ca con un diametro di mm 2 ca. Consigliato uncinetto 3-4.  Il cordino Thai Sublime è 100% Made in Italy ideato prodotto e distribuito in esclusiva da Tessiland.
;No;6249;Thai Sublime Verde Grammi 200;P.ta 1672;120;Indorama Ventures Lifestyle Italy Spa;AB-22;Cordino Thai Sublime Poliestere e Poliammide. Il massimo del comfort nella lavorazione delle borse.Formato rocca da 200 grammi per una lunghezza di  280 metri ca con un diametro di mm 2 ca. Consigliato uncinetto 3-4.  Il cordino Thai Sublime è 100% Made in Italy ideato prodotto e distribuito in esclusiva da Tessiland.
;No;l6bacnl3;Thai Sublime Viola Grammi 200;P.ta 7667;180;Indorama Ventures Lifestyle Italy Spa;AB-23;Cordino Thai Sublime Poliestere e Poliammide. Il massimo del comfort nella lavorazione delle borse.Formato rocca da 200 grammi per una lunghezza di  280 metri ca con un diametro di mm 2 ca. Consigliato uncinetto 3-4.  Il cordino Thai Sublime è 100% Made in Italy ideato prodotto e distribuito in esclusiva da Tessiland.
;No;wx9aent8;Thai SublimeLux Argento Grammi 200;P.ta 130;90;Indorama Ventures Lifestyle Italy Spa;BA-30;Cordino Thai Sublime Lux Poliestere e Poliammide lurex. Il massimo del comfort nella lavorazione delle borse.Formato rocca da 200 grammi per una lunghezza di  200 metri ca con un diametro di mm 3 ca. Consigliato uncinetto 3-4.  Il cordino Thai Sublime Lux è 100% Made in Italy ideato prodotto e distribuito in esclusiva da Tessiland.
;No;nub8bmyx;Thai SublimeLux Avio Grammi 200;P.ta 130;90;Indorama Ventures Lifestyle Italy Spa;BA-30;Cordino Thai Sublime Lux Poliestere e Poliammide lurex. Il massimo del comfort nella lavorazione delle borse.Formato rocca da 200 grammi per una lunghezza di  200 metri ca con un diametro di mm 3 ca. Consigliato uncinetto 3-4.  Il cordino Thai Sublime Lux è 100% Made in Italy ideato prodotto e distribuito in esclusiva da Tessiland.
;No;zbu8lh6o;Thai SublimeLux Becco Oca Grammi 200;P.ta 130;90;Indorama Ventures Lifestyle Italy Spa;BA-31;Cordino Thai Sublime Lux Poliestere e Poliammide lurex. Il massimo del comfort nella lavorazione delle borse.Formato rocca da 200 grammi per una lunghezza di  200 metri ca con un diametro di mm 3 ca. Consigliato uncinetto 3-4.  Il cordino Thai Sublime Lux è 100% Made in Italy ideato prodotto e distribuito in esclusiva da Tessiland.
;No;0ojk4fk1;Thai SublimeLux Beige Grammi 200;P.ta 101;30;Indorama Ventures Lifestyle Italy Spa;BA-31;Cordino Thai Sublime Lux Poliestere e Poliammide lurex. Il massimo del comfort nella lavorazione delle borse.Formato rocca da 200 grammi per una lunghezza di  200 metri ca con un diametro di mm 3 ca. Consigliato uncinetto 3-4.  Il cordino Thai Sublime Lux è 100% Made in Italy ideato prodotto e distribuito in esclusiva da Tessiland.
;No;605cvsnj;Thai SublimeLux Bianco Ghiaccio Grammi 200;P.ta 130;90;Indorama Ventures Lifestyle Italy Spa;BA-32;Cordino Thai Sublime Lux Poliestere e Poliammide lurex. Il massimo del comfort nella lavorazione delle borse.Formato rocca da 200 grammi per una lunghezza di  200 metri ca con un diametro di mm 3 ca. Consigliato uncinetto 3-4.  Il cordino Thai Sublime Lux è 100% Made in Italy ideato prodotto e distribuito in esclusiva da Tessiland.
;No;i1jyog7b;Thai SublimeLux Blu Marine Grammi 200;P.ta 101;60;Indorama Ventures Lifestyle Italy Spa;BA-32;Cordino Thai Sublime Lux Poliestere e Poliammide lurex. Il massimo del comfort nella lavorazione delle borse.Formato rocca da 200 grammi per una lunghezza di  200 metri ca con un diametro di mm 3 ca. Consigliato uncinetto 3-4.  Il cordino Thai Sublime Lux è 100% Made in Italy ideato prodotto e distribuito in esclusiva da Tessiland.
;No;61c6687r;Thai SublimeLux Bluette Grammi 200;P.ta 130;90;Indorama Ventures Lifestyle Italy Spa;BA-33;Cordino Thai Sublime Lux Poliestere e Poliammide lurex. Il massimo del comfort nella lavorazione delle borse.Formato rocca da 200 grammi per una lunghezza di  200 metri ca con un diametro di mm 3 ca. Consigliato uncinetto 3-4.  Il cordino Thai Sublime Lux è 100% Made in Italy ideato prodotto e distribuito in esclusiva da Tessiland.
;No;qmdzjlmc;Thai SublimeLux Bordeaux Grammi 200;P.ta 130;90;Indorama Ventures Lifestyle Italy Spa;BA-33;Cordino Thai Sublime Lux Poliestere e Poliammide lurex. Il massimo del comfort nella lavorazione delle borse.Formato rocca da 200 grammi per una lunghezza di  200 metri ca con un diametro di mm 3 ca. Consigliato uncinetto 3-4.  Il cordino Thai Sublime Lux è 100% Made in Italy ideato prodotto e distribuito in esclusiva da Tessiland.
;No;00013;Thai SublimeLux Caramello Grammi 200;P.ta 130;90;Indorama Ventures Lifestyle Italy Spa;BB-1;Cordino Thai Sublime Lux Poliestere e Poliammide lurex. Il massimo del comfort nella lavorazione delle borse.Formato rocca da 200 grammi per una lunghezza di  200 metri ca con un diametro di mm 3 ca. Consigliato uncinetto 3-4.  Il cordino Thai Sublime Lux è 100% Made in Italy ideato prodotto e distribuito in esclusiva da Tessiland.
;No;26xpme52;Thai SublimeLux Carta Zucchero Grammi 200;P.ta 130;60;Indorama Ventures Lifestyle Italy Spa;BB-1;Cordino Thai Sublime Lux Poliestere e Poliammide lurex. Il massimo del comfort nella lavorazione delle borse.Formato rocca da 200 grammi per una lunghezza di  200 metri ca con un diametro di mm 3 ca. Consigliato uncinetto 3-4.  Il cordino Thai Sublime Lux è 100% Made in Italy ideato prodotto e distribuito in esclusiva da Tessiland.
;No;viegmfrz;Thai SublimeLux Castagna Grammi 200;P.ta 130;90;Indorama Ventures Lifestyle Italy Spa;BB-2;Cordino Thai Sublime Lux Poliestere e Poliammide lurex. Il massimo del comfort nella lavorazione delle borse.Formato rocca da 200 grammi per una lunghezza di  200 metri ca con un diametro di mm 3 ca. Consigliato uncinetto 3-4.  Il cordino Thai Sublime Lux è 100% Made in Italy ideato prodotto e distribuito in esclusiva da Tessiland.
;No;l5wzx8pt;Thai SublimeLux Cipria Grammi 200;P.ta 130;90;Indorama Ventures Lifestyle Italy Spa;BB-2;Cordino Thai Sublime Lux Poliestere e Poliammide lurex. Il massimo del comfort nella lavorazione delle borse.Formato rocca da 200 grammi per una lunghezza di  200 metri ca con un diametro di mm 3 ca. Consigliato uncinetto 3-4.  Il cordino Thai Sublime Lux è 100% Made in Italy ideato prodotto e distribuito in esclusiva da Tessiland.
;No;00012;Thai SublimeLux Crema Grammi 200;p.ta 130;90;Indorama Ventures Lifestyle Italy Spa;BB-3;Cordino Thai Sublime Lux Poliestere e Poliammide lurex. Il massimo del comfort nella lavorazione delle borse.Formato rocca da 200 grammi per una lunghezza di  200 metri ca con un diametro di mm 3 ca. Consigliato uncinetto 3-4.  Il cordino Thai Sublime Lux è 100% Made in Italy ideato prodotto e distribuito in esclusiva da Tessiland.
;No;00009;Thai SublimeLux Cuoio Grammi 200;P.ta 130;60;Indorama Ventures Lifestyle Italy Spa;BB-3;Cordino Thai Sublime Lux Poliestere e Poliammide lurex. Il massimo del comfort nella lavorazione delle borse.Formato rocca da 200 grammi per una lunghezza di  200 metri ca con un diametro di mm 3 ca. Consigliato uncinetto 3-4.  Il cordino Thai Sublime Lux è 100% Made in Italy ideato prodotto e distribuito in esclusiva da Tessiland.
;No;5221;Thai SublimeLux Fuxia Grammi 200;P.ta 130;90;Indorama Ventures Lifestyle Italy Spa;BB-4;Cordino Thai Sublime Lux Poliestere e Poliammide lurex. Il massimo del comfort nella lavorazione delle borse.Formato rocca da 200 grammi per una lunghezza di  200 metri ca con un diametro di mm 3 ca. Consigliato uncinetto 3-4.  Il cordino Thai Sublime Lux è 100% Made in Italy ideato prodotto e distribuito in esclusiva da Tessiland.
;No;qr1w0kwo;Thai SublimeLux Giallo Grammi 200;P.ta 101;90;Indorama Ventures Lifestyle Italy Spa;BB-4;Cordino Thai Sublime Lux Poliestere e Poliammide lurex. Il massimo del comfort nella lavorazione delle borse.Formato rocca da 200 grammi per una lunghezza di  200 metri ca con un diametro di mm 3 ca. Consigliato uncinetto 3-4.  Il cordino Thai Sublime Lux è 100% Made in Italy ideato prodotto e distribuito in esclusiva da Tessiland.
;No;spme2vhk;Thai SublimeLux Glicine Grammi 200;P.ta 3098;90;Indorama Ventures Lifestyle Italy Spa;BB-5;"Cordino Thai Sublime Lux Poliestere e Poliammide lurex. Il massimo del comfort nella lavorazione delle borse.Formato rocca da 200 grammi per una lunghezza di  200 metri ca con un diametro di mm 3 ca. Consigliato uncinetto 3-4.  Il cordino Thai Sublime Lux è 100% Made in Italy ideato prodotto e distribuito in esclusiva da Tessiland. 
[P.ta 101]"
;No;792rayoi;Thai SublimeLux Grigio Grammi 200;P.ta 130;90;Indorama Ventures Lifestyle Italy Spa;BB-5;Cordino Thai Sublime Lux Poliestere e Poliammide lurex. Il massimo del comfort nella lavorazione delle borse.Formato rocca da 200 grammi per una lunghezza di  200 metri ca con un diametro di mm 3 ca. Consigliato uncinetto 3-4.  Il cordino Thai Sublime Lux è 100% Made in Italy ideato prodotto e distribuito in esclusiva da Tessiland.
;No;00008;Thai SublimeLux Lilla Grammi 200;P.ta 130;90;Indorama Ventures Lifestyle Italy Spa;BB-6;Cordino Thai Sublime Lux Poliestere e Poliammide lurex. Il massimo del comfort nella lavorazione delle borse.Formato rocca da 200 grammi per una lunghezza di  200 metri ca con un diametro di mm 3 ca. Consigliato uncinetto 3-4.  Il cordino Thai Sublime Lux è 100% Made in Italy ideato prodotto e distribuito in esclusiva da Tessiland.
;No;00014;Thai SublimeLux Lime Grammi 200;P.ta 130;90;Indorama Ventures Lifestyle Italy Spa;BB-6;Cordino Thai Sublime Lux Poliestere e Poliammide lurex. Il massimo del comfort nella lavorazione delle borse.Formato rocca da 200 grammi per una lunghezza di  200 metri ca con un diametro di mm 3 ca. Consigliato uncinetto 3-4.  Il cordino Thai Sublime Lux è 100% Made in Italy ideato prodotto e distribuito in esclusiva da Tessiland.
;No;00007;Thai SublimeLux Magenta Grammi 200;P.ta 130;90;Indorama Ventures Lifestyle Italy Spa;BB-7;Cordino Thai Sublime Lux Poliestere e Poliammide lurex. Il massimo del comfort nella lavorazione delle borse.Formato rocca da 200 grammi per una lunghezza di  200 metri ca con un diametro di mm 3 ca. Consigliato uncinetto 3-4.  Il cordino Thai Sublime Lux è 100% Made in Italy ideato prodotto e distribuito in esclusiva da Tessiland.
;No;7689;Thai SublimeLux Militare Grammi 200;P.ta 1201;90;Indorama Ventures Lifestyle Italy Spa;BB-7;Cordino Thai Sublime Lux Poliestere e Poliammide lurex. Il massimo del comfort nella lavorazione delle borse.Formato rocca da 200 grammi per una lunghezza di  200 metri ca con un diametro di mm 3 ca. Consigliato uncinetto 3-4.  Il cordino Thai Sublime Lux è 100% Made in Italy ideato prodotto e distribuito in esclusiva da Tessiland.
;No;d3dt3k26;Thai SublimeLux Nero Grammi 200;P.ta 130;90;Indorama Ventures Lifestyle Italy Spa;BB-8;Cordino Thai Sublime Lux Poliestere e Poliammide lurex. Il massimo del comfort nella lavorazione delle borse.Formato rocca da 200 grammi per una lunghezza di  200 metri ca con un diametro di mm 3 ca. Consigliato uncinetto 3-4.  Il cordino Thai Sublime Lux è 100% Made in Italy ideato prodotto e distribuito in esclusiva da Tessiland.
;No;7690;Thai SublimeLux Nocciola Grammi 200;P.ta 130;30;Indorama Ventures Lifestyle Italy Spa;BB-9;Cordino Thai Sublime Lux Poliestere e Poliammide lurex. Il massimo del comfort nella lavorazione delle borse.Formato rocca da 200 grammi per una lunghezza di  200 metri ca con un diametro di mm 3 ca. Consigliato uncinetto 3-4.  Il cordino Thai Sublime Lux è 100% Made in Italy ideato prodotto e distribuito in esclusiva da Tessiland.
;No;62rlx6me;Thai SublimeLux Petrolio Grammi 200;P.ta 130;90;Indorama Ventures Lifestyle Italy Spa;BB-10;Cordino Thai Sublime Lux Poliestere e Poliammide lurex. Il massimo del comfort nella lavorazione delle borse.Formato rocca da 200 grammi per una lunghezza di  200 metri ca con un diametro di mm 3 ca. Consigliato uncinetto 3-4.  Il cordino Thai Sublime Lux è 100% Made in Italy ideato prodotto e distribuito in esclusiva da Tessiland.
;No;00011;Thai SublimeLux Pistacchio Grammi 200;p.ta 130;90;Indorama Ventures Lifestyle Italy Spa;BB-10;Cordino Thai Sublime Lux Poliestere e Poliammide lurex. Il massimo del comfort nella lavorazione delle borse.Formato rocca da 200 grammi per una lunghezza di  200 metri ca con un diametro di mm 3 ca. Consigliato uncinetto 3-4.  Il cordino Thai Sublime Lux è 100% Made in Italy ideato prodotto e distribuito in esclusiva da Tessiland.
;No;au5uucnp;Thai SublimeLux Polvere Grammi 200;P.ta 130;90;Indorama Ventures Lifestyle Italy Spa;BB-11;Cordino Thai Sublime Lux Poliestere e Poliammide lurex. Il massimo del comfort nella lavorazione delle borse.Formato rocca da 200 grammi per una lunghezza di  200 metri ca con un diametro di mm 3 ca. Consigliato uncinetto 3-4.  Il cordino Thai Sublime Lux è 100% Made in Italy ideato prodotto e distribuito in esclusiva da Tessiland.
;No;aw5f9cg4;Thai SublimeLux Rame Grammi 200;P.ta 130;90;Indorama Ventures Lifestyle Italy Spa;BB-11;Cordino Thai Sublime Lux Poliestere e Poliammide lurex. Il massimo del comfort nella lavorazione delle borse.Formato rocca da 200 grammi per una lunghezza di  200 metri ca con un diametro di mm 3 ca. Consigliato uncinetto 3-4.  Il cordino Thai Sublime Lux è 100% Made in Italy ideato prodotto e distribuito in esclusiva da Tessiland.
;No;w7zel5re;Thai SublimeLux Rosso Grammi 200;P.ta 101;90;Indorama Ventures Lifestyle Italy Spa;BB-12;Cordino Thai Sublime Lux Poliestere e Poliammide lurex. Il massimo del comfort nella lavorazione delle borse.Formato rocca da 200 grammi per una lunghezza di  200 metri ca con un diametro di mm 3 ca. Consigliato uncinetto 3-4.  Il cordino Thai Sublime Lux è 100% Made in Italy ideato prodotto e distribuito in esclusiva da Tessiland.
;No;v00pl3cr;Thai SublimeLux Tiffany Grammi 200;P.ta 130;60;Indorama Ventures Lifestyle Italy Spa;BB-12;Cordino Thai Sublime Lux Poliestere e Poliammide lurex. Il massimo del comfort nella lavorazione delle borse.Formato rocca da 200 grammi per una lunghezza di  200 metri ca con un diametro di mm 3 ca. Consigliato uncinetto 3-4.  Il cordino Thai Sublime Lux è 100% Made in Italy ideato prodotto e distribuito in esclusiva da Tessiland.
;No;7978;Thai SublimeLux Tortora Grammi 200;P.ta 130;90;Indorama Ventures Lifestyle Italy Spa;BB-13;Cordino Thai Sublime Lux Poliestere e Poliammide lurex. Il massimo del comfort nella lavorazione delle borse.Formato rocca da 200 grammi per una lunghezza di  200 metri ca con un diametro di mm 3 ca. Consigliato uncinetto 3-4.  Il cordino Thai Sublime Lux è 100% Made in Italy ideato prodotto e distribuito in esclusiva da Tessiland.
;No;00010;Thai SublimeLux Turchese Grammi 200;P.ta 130;90;Indorama Ventures Lifestyle Italy Spa;BB-13;Cordino Thai Sublime Lux Poliestere e Poliammide lurex. Il massimo del comfort nella lavorazione delle borse.Formato rocca da 200 grammi per una lunghezza di  200 metri ca con un diametro di mm 3 ca. Consigliato uncinetto 3-4.  Il cordino Thai Sublime Lux è 100% Made in Italy ideato prodotto e distribuito in esclusiva da Tessiland.
;No;7754;Thai SublimeLux Verde Grammi 200;P.ta 130;90;Indorama Ventures Lifestyle Italy Spa;BB-14;Cordino Thai Sublime Lux Poliestere e Poliammide lurex. Il massimo del comfort nella lavorazione delle borse.Formato rocca da 200 grammi per una lunghezza di  200 metri ca con un diametro di mm 3 ca. Consigliato uncinetto 3-4.  Il cordino Thai Sublime Lux è 100% Made in Italy ideato prodotto e distribuito in esclusiva da Tessiland.
;No;c50zdjau;Thai SublimeLux Viola Grammi 200;P.ta 130;90;Indorama Ventures Lifestyle Italy Spa;BB-14;Cordino Thai Sublime Lux Poliestere e Poliammide lurex. Il massimo del comfort nella lavorazione delle borse.Formato rocca da 200 grammi per una lunghezza di  200 metri ca con un diametro di mm 3 ca. Consigliato uncinetto 3-4.  Il cordino Thai Sublime Lux è 100% Made in Italy ideato prodotto e distribuito in esclusiva da Tessiland.
;No;260286;Thai Vanity Azzurro Grammi 200;;90;Essegomma;AF-12;Cordino 100% Polipropilene lucido e compatto dal diametro di 3 mm. Rocca da 200 grammi per 145 metri, scorrevole e facile da lavorare. Consigliato uncinetto 4-5 mm per borse e accessori strutturati.
;No;260287;Thai Vanity Beige Grammi 200;;120;Essegomma;AF-12;Cordino 100% Polipropilene lucido e compatto dal diametro di 3 mm. Rocca da 200 grammi per 145 metri, scorrevole e facile da lavorare. Consigliato uncinetto 4-5 mm per borse e accessori strutturati.
;No;260288;Thai Vanity Blu Grammi 200;;120;Essegomma;AF-13;Cordino 100% Polipropilene lucido e compatto dal diametro di 3 mm. Rocca da 200 grammi per 145 metri, scorrevole e facile da lavorare. Consigliato uncinetto 4-5 mm per borse e accessori strutturati.
;No;260289;Thai Vanity Bordeaux Grammi 200;;91;Essegomma;AF-13;Cordino 100% Polipropilene lucido e compatto dal diametro di 3 mm. Rocca da 200 grammi per 145 metri, scorrevole e facile da lavorare. Consigliato uncinetto 4-5 mm per borse e accessori strutturati.
;No;260290;Thai Vanity Cioccolato Grammi 200;;90;Essegomma;AF-14;Cordino 100% Polipropilene lucido e compatto dal diametro di 3 mm. Rocca da 200 grammi per 145 metri, scorrevole e facile da lavorare. Consigliato uncinetto 4-5 mm per borse e accessori strutturati.
;No;260291;Thai Vanity Crema Grammi 200;;90;Essegomma;AF-14;Cordino 100% Polipropilene lucido e compatto dal diametro di 3 mm. Rocca da 200 grammi per 145 metri, scorrevole e facile da lavorare. Consigliato uncinetto 4-5 mm per borse e accessori strutturati.
;No;260292;Thai Vanity Nero Grammi 200;;90;Essegomma;AF-15;Cordino 100% Polipropilene lucido e compatto dal diametro di 3 mm. Rocca da 200 grammi per 145 metri, scorrevole e facile da lavorare. Consigliato uncinetto 4-5 mm per borse e accessori strutturati.
;No;260293;Thai Vanity Perla Grammi 200;;120;Essegomma;AF-15;Cordino 100% Polipropilene lucido e compatto dal diametro di 3 mm. Rocca da 200 grammi per 145 metri, scorrevole e facile da lavorare. Consigliato uncinetto 4-5 mm per borse e accessori strutturati.
;No;260294;Thai Vanity Sfumato Apricot Grammi 200;;120;Essegomma;AF-16;Cordino 100% Polipropilene sfumato, lucido e compatto dal diametro di 3 mm. Rocca da 200 grammi per 145 metri, scorrevole e facile da lavorare. Consigliato uncinetto 4-5 mm per borse e accessori strutturati.
;No;260295;Thai Vanity Sfumato Chili Grammi 200;;0;Essegomma;AF-16;Cordino 100% Polipropilene sfumato, lucido e compatto dal diametro di 3 mm. Rocca da 200 grammi per 145 metri, scorrevole e facile da lavorare. Consigliato uncinetto 4-5 mm per borse e accessori strutturati.
;No;260296;Thai Vanity Sfumato Egitto Grammi 200;;120;Essegomma;AF-17;Cordino 100% Polipropilene sfumato, lucido e compatto dal diametro di 3 mm. Rocca da 200 grammi per 145 metri, scorrevole e facile da lavorare. Consigliato uncinetto 4-5 mm per borse e accessori strutturati.
;No;260297;Thai Vanity Sfumato Grafite Grammi 200;;90;Essegomma;AF-17;Cordino 100% Polipropilene sfumato, lucido e compatto dal diametro di 3 mm. Rocca da 200 grammi per 145 metri, scorrevole e facile da lavorare. Consigliato uncinetto 4-5 mm per borse e accessori strutturati.
;No;260298;Thai Vanity Sfumato Oceano Grammi 200;;120;Essegomma;AF-18;Cordino 100% Polipropilene sfumato, lucido e compatto dal diametro di 3 mm. Rocca da 200 grammi per 145 metri, scorrevole e facile da lavorare. Consigliato uncinetto 4-5 mm per borse e accessori strutturati.
;No;260299;Thai Vanity Sfumato Tiffany Grammi 200;;120;Essegomma;AF-18;Cordino 100% Polipropilene sfumato, lucido e compatto dal diametro di 3 mm. Rocca da 200 grammi per 145 metri, scorrevole e facile da lavorare. Consigliato uncinetto 4-5 mm per borse e accessori strutturati.